estudiante_id,carrera_id,fecha_insc,esta_graduado
381,19,2013-05-18 14:30:35,true
421,15,2005-11-27 10:19:47,true
234,6,2014-08-02 01:00:07,false
260,15,2007-06-01 15:51:40,true
210,1,2016-11-16 21:00:29,false
44,12,2003-01-20 10:48:17,false
73,3,2005-11-27 23:15:11,true
423,3,2009-11-11 09:12:07,true
17,16,2009-12-22 16:30:55,false
287,3,2009-08-26 11:24:20,false
408,3,2007-11-30 06:24:22,false
355,17,2008-05-19 08:25:29,true
370,15,2008-01-06 23:53:39,false
299,5,2011-04-26 10:52:16,true
178,16,2022-01-24 01:07:18,false
419,20,2003-07-29 22:19:05,false
368,9,2016-06-07 21:28:32,true
146,20,2005-12-02 01:27:19,true
230,18,2013-09-29 03:19:08,false
24,12,2004-11-22 18:32:36,false
411,12,2004-04-11 20:27:30,true
286,16,2015-07-29 02:05:02,true
422,15,2004-05-02 00:58:02,false
364,16,2021-09-23 14:21:27,false
148,7,2015-07-18 09:45:44,true
497,7,2016-10-02 12:16:57,false
302,12,2004-05-13 23:49:21,true
101,12,2017-08-03 02:33:39,false
197,1,2018-04-19 04:38:55,true
105,10,2010-11-22 13:40:56,false
276,7,2016-03-24 09:02:08,true
169,13,2007-06-30 09:27:38,true
356,12,2019-01-22 14:17:30,false
266,15,2013-09-13 19:35:31,true
180,19,2008-03-05 05:19:30,false
42,9,2002-06-18 17:02:50,false
61,12,2005-01-29 07:12:39,false
107,5,2002-06-12 14:34:37,false
231,10,2005-10-28 22:15:33,true
352,17,2014-01-19 19:29:14,false
176,7,2016-08-25 10:24:08,true
145,11,2009-07-15 20:09:22,true
24,12,2007-11-07 04:27:57,false
353,20,2018-03-10 21:30:18,false
238,17,2014-04-06 22:43:29,false
324,18,2002-07-17 23:37:06,true
227,6,2006-05-26 12:11:31,false
171,14,2008-07-01 20:37:40,false
250,17,2006-04-22 03:19:57,true
488,12,2006-12-29 02:57:15,true
328,8,2017-04-04 04:17:58,false
140,4,2003-06-11 22:52:06,true
471,9,2009-10-27 01:20:12,false
89,7,2010-09-08 11:50:15,false
445,7,2004-07-29 17:30:28,true
225,9,2008-05-16 10:52:41,false
37,5,2005-11-01 07:30:00,true
403,6,2022-06-12 02:01:01,false
441,13,2009-11-05 01:49:03,false
468,11,2013-05-19 10:17:23,true
146,18,2018-10-22 10:45:56,true
66,3,2006-04-12 07:25:54,false
10,13,2019-06-13 05:40:21,false
86,12,2012-11-20 18:22:16,false
426,3,2014-05-29 10:22:21,false
93,18,2014-02-11 17:20:38,false
275,15,2018-08-13 22:09:43,true
342,5,2002-09-08 06:16:58,true
316,7,2003-04-16 19:25:26,false
373,9,2002-07-08 10:32:09,false
38,6,2003-03-08 08:38:19,false
66,8,2011-12-28 00:27:25,true
95,20,2023-03-09 04:46:22,true
398,12,2022-06-10 14:22:23,false
2,12,2019-06-27 05:32:58,true
220,10,2008-09-13 13:50:24,true
376,5,2019-02-26 10:27:33,false
196,13,2002-08-22 06:22:24,false
269,10,2022-04-24 01:34:50,true
451,2,2010-05-23 13:46:19,true
20,20,2008-07-02 17:06:26,false
75,10,2005-12-27 03:03:49,false
443,15,2001-12-21 20:43:04,true
333,18,2019-12-19 00:49:01,true
344,2,2011-12-10 23:23:08,false
375,16,2007-03-17 20:24:52,false
37,1,2018-04-12 02:16:27,true
5,13,2022-01-03 07:49:42,false
231,10,2003-06-15 00:15:24,true
442,4,2013-01-13 21:55:53,false
252,12,2002-07-20 04:27:04,false
497,6,2018-07-21 04:28:21,false
271,1,2002-08-25 12:19:19,true
259,19,2008-07-10 00:43:40,true
322,10,2008-09-02 07:49:12,true
178,3,2007-09-15 03:48:57,false
57,4,2015-03-19 04:10:13,true
44,18,2003-06-23 03:32:31,true
51,7,2022-04-05 13:32:18,false
130,1,2013-09-18 18:29:45,false
372,5,2002-02-02 04:10:58,false
175,18,2019-09-10 19:00:45,false
47,6,2012-11-22 20:27:12,true
356,6,2008-06-15 16:49:04,false
62,7,2015-09-14 21:01:20,true
317,19,2002-10-11 04:43:32,true
354,13,2008-05-30 03:46:07,true
441,10,2016-10-12 16:58:38,false
146,18,2005-12-24 14:36:04,true
270,16,2011-11-29 14:44:36,true
384,9,2019-08-08 12:36:57,false
313,4,2018-03-03 08:21:42,false
211,13,2015-09-02 17:03:34,false
469,15,2018-02-08 19:44:04,true
14,14,2022-03-05 12:06:06,true
394,13,2003-03-18 11:32:04,false
381,1,2007-10-28 21:58:36,false
252,18,2006-10-05 22:45:28,true
162,14,2010-09-23 17:57:49,true
122,5,2013-05-02 12:35:59,true
186,18,2008-07-10 18:10:22,false
130,3,2006-05-18 16:58:55,true
72,4,2006-11-28 05:15:39,true
427,16,2002-01-27 13:58:47,false
177,16,2009-10-14 10:34:43,false
193,19,2017-04-29 06:46:57,false
344,9,2023-01-22 05:28:08,true
72,18,2019-04-22 09:55:14,true
151,10,2009-09-16 20:58:13,false
178,7,2018-08-12 22:41:42,true
24,16,2013-02-04 17:03:50,false
84,3,2018-09-18 12:55:05,false
158,2,2020-06-30 10:23:40,false
381,13,2017-06-22 22:57:04,false
465,11,2011-03-18 04:01:23,true
308,10,2011-11-09 09:36:45,true
313,10,2002-07-18 05:01:01,false
14,9,2022-12-15 19:00:14,true
343,9,2023-01-20 15:14:20,true
378,2,2002-05-17 15:11:38,false
100,3,2010-06-29 22:50:35,true
377,12,2004-06-06 10:03:11,false
160,19,2006-11-18 19:55:53,false
411,15,2019-05-05 02:24:14,false
238,8,2003-07-29 06:01:12,false
305,7,2019-02-02 11:42:43,false
204,3,2019-12-01 08:55:03,true
220,11,2019-02-03 06:33:21,false
71,9,2011-01-28 09:14:03,false
449,5,2013-05-04 05:57:32,false
448,9,2013-04-13 11:01:34,true
399,19,2008-11-04 17:03:21,false
395,10,2019-02-24 02:43:22,true
365,3,2021-03-06 11:32:44,true
104,17,2019-10-02 17:21:48,true
55,1,2022-07-10 04:06:46,true
417,12,2009-02-27 11:35:14,true
3,16,2020-01-16 08:03:06,false
60,5,2018-09-26 09:03:16,false
376,5,2014-12-10 01:23:18,false
337,4,2016-03-16 01:31:00,true
28,18,2013-05-14 09:37:27,false
387,20,2014-05-23 17:41:40,false
406,2,2011-06-20 19:30:55,true
497,18,2014-11-29 09:07:47,true
186,14,2021-10-08 01:57:59,false
466,20,2023-04-11 21:02:29,false
450,4,2008-12-26 13:23:08,true
430,2,2017-10-09 00:41:22,false
431,14,2021-01-06 00:11:15,true
126,12,2004-02-17 21:36:22,false
338,13,2019-05-28 19:27:13,true
470,3,2023-08-08 03:31:27,true
483,9,2023-05-09 10:09:14,true
486,5,2011-01-16 15:43:39,true
440,4,2023-04-04 02:05:11,false
362,19,2002-04-12 14:45:33,false
315,17,2008-01-23 20:23:55,true
396,13,2010-11-19 19:36:21,true
291,18,2022-01-12 10:25:46,true
81,15,2015-06-06 05:01:47,true
6,20,2016-11-22 05:33:16,true
477,13,2019-05-07 07:43:12,false
316,20,2012-02-03 11:55:35,false
179,15,2022-08-02 20:11:48,true
136,12,2009-04-20 19:20:50,false
197,3,2012-05-28 00:48:54,false
174,1,2002-11-14 19:45:07,false
483,3,2009-02-17 05:25:33,true
219,12,2004-12-10 15:14:13,true
453,3,2009-02-14 11:27:50,false
84,1,2013-05-15 15:01:04,true
276,5,2002-04-09 09:36:20,true
140,8,2004-12-07 23:44:55,true
109,14,2021-02-13 20:21:56,true
481,2,2016-10-12 17:52:00,false
127,12,2017-09-02 03:42:30,true
449,8,2022-03-09 04:27:59,false
225,12,2008-05-23 02:32:12,true
354,8,2006-03-03 07:37:42,false
72,8,2007-07-09 17:33:18,true
418,1,2006-07-09 19:42:43,true
423,19,2003-11-17 14:12:51,false
224,3,2005-11-14 05:19:15,true
318,1,2008-01-02 18:43:23,true
244,9,2005-10-25 12:16:58,false
260,18,2012-02-19 19:02:41,true
451,12,2020-03-30 18:40:56,true
13,19,2010-06-21 08:20:34,false
191,1,2014-12-20 02:27:27,false
271,18,2016-09-11 13:51:24,false
197,4,2005-10-13 05:48:51,false
37,16,2008-02-22 11:14:54,false
357,15,2009-01-25 00:21:12,false
432,9,2013-01-18 08:55:35,false
190,18,2016-04-25 16:08:43,true
92,16,2015-03-20 13:40:49,false
303,8,2023-06-16 06:55:17,false
453,14,2004-12-28 08:38:33,false
207,1,2008-11-08 10:54:31,true
267,4,2005-08-24 22:04:38,true
124,14,2019-11-02 15:59:24,true
396,12,2021-07-28 01:03:33,false
418,20,2015-05-06 15:21:36,true
11,17,2004-08-09 15:55:08,true
469,9,2017-09-14 06:17:56,false
175,18,2018-02-08 16:57:40,false
373,4,2017-03-13 18:47:45,true
495,15,2017-12-13 20:37:36,true
172,18,2020-12-01 16:44:50,false
101,14,2013-08-09 11:20:46,true
91,8,2010-07-24 01:18:03,false
241,14,2014-07-08 17:47:01,false
410,12,2013-10-20 07:34:59,true
231,5,2016-12-29 23:32:02,true
177,5,2023-04-05 22:39:20,true
113,20,2002-06-09 23:06:44,true
260,19,2022-02-21 15:07:22,true
116,10,2005-07-30 13:01:28,true
492,20,2012-10-06 20:32:40,true
334,17,2019-04-05 22:28:57,true
98,3,2009-07-27 05:22:53,true
223,19,2016-04-02 21:22:58,false
113,19,2013-03-09 01:18:18,true
289,15,2023-01-01 19:39:34,false
439,15,2008-04-30 01:00:33,true
167,8,2022-06-24 16:44:17,true
257,12,2010-07-11 09:19:32,false
392,5,2021-12-15 09:45:30,true
474,6,2021-11-11 11:36:31,false
249,20,2006-08-11 10:09:24,true
125,17,2014-04-25 03:42:14,true
126,20,2011-08-07 19:09:25,true
264,4,2012-01-31 23:19:22,true
131,11,2020-10-14 23:58:32,true
157,8,2015-07-03 20:53:09,true
303,5,2016-11-22 06:15:07,true
333,2,2017-08-06 19:48:29,false
334,10,2001-12-01 02:05:07,true
412,16,2008-10-22 09:52:53,true
334,5,2008-04-22 10:38:06,true
466,7,2016-09-17 07:50:24,true
370,17,2015-03-10 21:26:02,false
467,6,2018-12-02 08:55:14,true
287,6,2012-01-02 19:48:35,true
294,16,2010-12-18 22:47:11,false
135,20,2011-01-11 11:15:47,true
59,15,2009-05-09 22:15:02,true
216,12,2002-01-10 15:53:28,true
301,13,2003-12-02 18:43:18,true
423,16,2003-05-31 01:13:32,false
453,9,2007-09-03 03:25:27,true
270,1,2011-08-07 14:58:14,true
386,1,2019-08-22 21:23:38,true
447,19,2004-12-29 06:33:53,false
237,6,2019-08-17 04:12:59,false
250,3,2014-09-17 10:14:11,true
181,14,2009-02-01 00:42:50,true
326,18,2003-10-08 21:04:39,true
394,2,2003-08-09 22:08:55,false
346,12,2002-02-23 21:06:33,true
40,5,2002-02-08 07:25:01,true
85,9,2013-10-14 20:51:42,true
3,1,2020-10-19 02:39:12,false
91,11,2009-02-17 22:39:53,true
220,8,2005-04-08 19:02:23,false
85,10,2019-08-10 18:01:19,true
52,9,2014-01-03 01:38:43,false
82,15,2019-03-25 06:11:09,false
370,4,2002-10-19 22:32:38,false
233,19,2010-09-27 18:12:23,true
358,18,2005-01-04 21:21:41,true
449,7,2006-01-14 02:49:44,false
85,2,2015-01-19 10:29:34,true
5,17,2009-07-27 19:13:19,false
241,14,2011-09-09 10:18:44,false
309,5,2021-02-06 19:32:55,true
197,9,2006-11-28 18:26:54,true
207,4,2015-10-16 11:39:36,false
362,18,2007-12-18 07:20:14,false
185,8,2010-12-16 04:06:59,false
428,12,2002-01-18 02:43:19,false
141,17,2004-08-22 22:08:25,false
407,11,2003-11-11 21:29:56,false
4,8,2003-12-02 09:17:04,false
173,5,2020-03-18 02:24:47,true
181,15,2008-07-26 19:43:34,true
215,8,2015-05-10 18:06:47,false
35,18,2002-11-27 18:58:04,false
265,18,2009-09-16 06:51:49,false
36,18,2021-05-24 12:27:40,false
57,18,2006-12-10 20:43:53,true
44,1,2003-12-07 01:23:05,true
218,11,2014-01-20 04:57:00,true
411,4,2010-11-10 22:04:37,false
1,14,2021-07-06 20:30:49,true
140,4,2004-11-21 23:35:24,true
335,3,2012-03-30 09:28:38,true
43,17,2015-10-21 07:01:37,false
289,8,2011-08-14 12:10:17,false
143,11,2022-08-19 12:20:48,true
422,11,2011-08-20 00:47:49,false
416,1,2022-09-02 00:05:22,true
356,17,2008-06-12 23:24:55,true
219,12,2010-07-07 10:49:20,true
82,7,2010-06-08 13:12:04,true
377,13,2023-05-22 00:49:55,true
428,9,2019-04-28 23:05:36,false
495,16,2022-01-01 00:04:09,true
192,9,2010-08-11 04:35:59,true
91,18,2013-07-10 06:24:17,true
96,9,2002-01-09 06:38:00,false
164,6,2021-12-09 22:43:21,true
414,1,2017-07-06 18:04:37,true
47,10,2002-01-01 21:17:40,false
416,3,2018-10-20 07:09:23,true
217,12,2013-04-07 18:58:41,true
196,1,2021-09-19 10:47:56,true
106,19,2014-02-01 16:35:50,false
447,4,2014-03-27 11:31:48,false
476,3,2008-06-04 04:38:13,false
384,19,2010-10-25 08:09:52,false
235,6,2022-08-14 22:50:18,false
449,3,2002-03-23 16:18:12,true
314,12,2005-03-30 17:19:21,true
364,16,2007-03-13 13:00:09,true
2,14,2014-05-19 09:56:30,false
470,12,2014-04-12 19:37:23,true
400,3,2005-04-28 06:54:52,true
411,8,2004-12-18 03:00:47,false
398,17,2015-06-26 22:52:51,true
126,2,2006-06-02 13:43:40,true
279,4,2019-07-26 07:20:27,false
462,20,2003-04-19 17:00:49,false
379,16,2009-12-24 18:45:19,false
58,19,2003-02-27 22:56:23,true
356,5,2005-08-24 21:41:11,true
345,20,2019-02-26 10:02:02,false
277,2,2015-01-24 02:36:59,true
229,14,2019-12-02 15:40:16,true
424,16,2019-11-08 10:09:44,true
252,7,2017-04-24 20:23:52,true
232,18,2003-06-24 22:23:42,true
324,11,2022-02-27 00:04:44,false
91,2,2006-08-14 10:58:50,false
402,19,2017-02-16 12:28:55,true
317,10,2002-09-16 21:39:47,false
88,6,2015-05-01 18:21:06,true
494,12,2022-07-07 02:17:10,true
170,2,2010-03-09 09:04:06,true
93,20,2003-01-12 07:04:32,true
416,13,2014-07-10 17:17:04,true
290,9,2007-06-20 22:43:44,false
374,15,2015-10-23 13:11:15,true
254,15,2015-04-09 12:27:31,true
106,9,2012-06-18 21:46:46,true
429,11,2022-01-01 13:36:21,true
73,17,2013-07-02 06:54:42,true
401,2,2022-05-11 21:39:47,true
28,13,2007-03-26 21:38:34,true
352,1,2011-02-21 21:33:47,true
462,9,2008-12-19 13:19:36,false
286,13,2005-06-08 23:57:27,false
165,20,2008-12-08 06:46:24,true
475,5,2020-08-19 11:52:58,false
54,13,2011-04-27 08:53:01,false
67,3,2002-02-02 01:05:41,false
166,5,2003-12-10 23:43:28,false
247,10,2004-02-28 20:30:09,true
51,19,2002-11-29 07:35:51,false
330,12,2009-05-20 03:08:52,true
161,7,2019-10-17 02:15:13,false
366,11,2013-12-07 14:56:31,false
247,15,2011-09-28 10:59:49,true
437,17,2014-09-10 17:58:39,false
15,3,2005-06-28 23:31:58,true
252,11,2018-07-05 08:19:13,true
161,2,2018-10-30 21:49:22,false
152,17,2004-11-24 15:59:36,true
48,20,2012-09-15 12:55:09,true
262,7,2004-02-27 06:09:43,false
426,11,2008-11-05 20:57:08,true
248,2,2011-12-27 08:23:07,true
489,14,2003-09-29 13:46:51,true
359,5,2015-07-24 01:10:01,false
41,7,2020-09-21 01:17:50,false
476,19,2011-06-14 00:27:00,true
71,12,2006-03-31 09:23:16,false
454,11,2021-03-21 06:32:59,false
82,2,2007-10-20 03:27:04,false
337,9,2008-11-12 04:03:37,true
382,17,2016-03-25 09:14:04,true
188,1,2018-12-26 01:40:04,true
109,6,2005-12-24 06:18:17,true
450,7,2007-08-22 09:34:21,false
276,10,2010-06-19 12:58:53,true
455,14,2004-09-14 00:44:16,true
474,5,2016-12-21 01:41:00,false
474,8,2013-07-24 00:05:36,true
225,6,2015-10-06 04:12:55,false
128,12,2005-02-02 13:48:59,false
11,15,2004-07-14 17:18:21,false
420,8,2019-10-08 21:37:37,false
336,8,2004-02-11 01:16:08,false
16,8,2011-12-21 07:37:20,false
468,17,2009-02-04 10:24:50,true
113,20,2004-09-23 14:22:24,false
92,16,2012-01-31 00:14:51,true
405,18,2023-06-02 18:50:18,true
121,13,2020-08-25 12:00:49,true
186,19,2002-12-28 17:33:25,true
224,4,2021-10-17 15:45:27,false
416,12,2012-07-22 11:47:55,true
317,19,2012-05-13 05:46:55,false
465,20,2015-09-04 01:37:02,true
119,9,2005-01-08 01:42:59,false
165,8,2020-11-16 13:52:15,false
343,1,2005-10-25 09:46:57,true
112,2,2004-08-08 19:09:32,true
52,2,2006-01-29 10:43:01,false
428,14,2020-02-14 21:14:53,true
245,12,2013-06-21 14:32:42,true
263,7,2002-09-18 23:03:24,false
325,10,2011-10-08 11:56:16,false
29,2,2020-08-23 02:11:40,false
161,19,2013-12-08 19:32:54,true
334,19,2004-05-28 03:47:19,false
9,1,2010-06-26 02:45:38,true
166,9,2020-11-21 05:53:24,true
365,15,2020-10-28 13:36:23,false
197,14,2021-01-03 23:08:54,false
438,15,2007-04-03 05:46:35,false
312,11,2009-09-13 21:10:24,true
274,15,2002-01-17 16:28:49,true
369,8,2004-01-07 06:29:54,false
195,5,2008-08-24 04:29:06,false
482,14,2007-01-25 10:45:12,false
208,16,2010-02-05 16:00:32,false
336,17,2021-09-20 03:21:10,false
126,14,2014-06-18 14:43:23,true
389,6,2002-03-12 05:36:55,false
387,10,2010-06-12 09:04:03,false
457,4,2018-10-07 11:40:30,false
381,16,2018-06-16 02:39:58,false
252,8,2009-12-25 10:14:24,false
109,15,2012-05-22 15:03:42,true
336,14,2002-07-11 05:31:31,false
70,13,2003-08-20 10:26:17,true
460,20,2014-09-07 23:38:36,true
6,16,2020-10-19 06:27:15,false
37,10,2021-02-05 22:52:29,false
474,5,2009-12-27 13:23:52,false
269,19,2019-01-26 08:45:26,false
171,1,2006-03-29 11:15:11,true
55,3,2012-02-23 11:42:07,false
136,9,2021-08-23 15:31:40,false
426,15,2008-04-14 11:39:08,false
385,5,2008-09-14 19:54:10,false
2,20,2013-09-06 08:33:24,false
29,18,2010-10-17 09:43:08,false
134,12,2022-08-02 13:35:20,false
437,10,2016-04-24 07:58:00,true
426,14,2018-11-29 03:55:38,true
333,10,2018-12-24 04:32:47,true
473,14,2017-11-09 16:26:44,false
154,2,2011-04-11 04:45:27,true
142,14,2013-08-11 13:29:53,false
467,6,2018-07-03 18:53:49,true
188,17,2018-05-07 14:48:44,true
361,13,2014-07-30 09:36:23,false
354,8,2014-07-31 22:39:44,true
146,13,2014-02-28 03:40:35,true
68,8,2017-02-07 18:47:31,false
12,11,2008-06-17 12:38:18,false
125,10,2003-10-31 10:15:10,false
310,4,2020-05-04 05:43:31,true
472,8,2023-07-28 10:52:16,false
427,5,2012-05-13 20:00:49,false
350,2,2021-08-21 18:31:00,false
73,10,2022-06-03 00:12:56,false
150,6,2007-05-22 03:01:15,false
310,7,2005-09-14 00:58:20,true
423,2,2012-03-25 16:50:59,true
252,6,2020-12-19 17:06:20,false
284,7,2012-08-16 14:44:52,false
244,12,2003-09-04 21:02:03,false
167,1,2006-09-02 08:14:20,false
25,14,2018-08-18 05:04:16,true
331,20,2013-09-29 21:09:35,true
16,17,2020-11-26 20:38:11,false
117,12,2016-03-24 23:24:01,true
260,19,2016-08-03 23:48:14,true
84,18,2022-03-07 08:02:23,false
475,13,2011-08-26 02:47:10,false
143,2,2008-11-24 02:58:15,false
112,1,2022-06-22 14:06:05,false
191,7,2004-09-06 05:02:55,false
485,6,2013-03-01 10:10:54,false
262,8,2015-03-03 05:47:34,true
106,14,2023-05-25 16:59:40,false
406,18,2017-11-03 07:23:31,true
317,9,2002-11-24 13:22:34,false
395,6,2016-03-29 10:44:08,true
76,13,2004-12-12 02:15:29,false
77,5,2021-09-09 18:59:14,true
163,1,2020-12-19 10:32:32,false
81,2,2010-07-14 11:11:25,true
421,16,2013-03-07 00:30:33,false
415,17,2016-06-03 05:26:38,true
160,4,2022-12-15 21:44:47,true
294,2,2011-02-21 17:12:52,false
224,2,2022-04-19 03:08:34,true
402,1,2015-04-19 00:06:30,true
375,15,2005-12-25 13:18:27,false
69,15,2016-07-17 11:56:14,false
2,9,2019-12-05 02:35:02,true
104,9,2014-07-07 20:01:12,true
55,2,2016-11-03 04:15:43,true
284,19,2010-01-13 02:19:35,true
112,2,2007-04-14 01:18:20,true
416,18,2019-08-29 08:30:37,true
416,1,2015-07-10 02:51:56,false
445,16,2017-08-17 10:45:24,true
138,13,2014-08-29 19:26:44,true
364,20,2022-02-20 09:52:49,false
33,15,2022-09-19 13:06:19,false
171,5,2004-02-01 19:27:32,true
256,15,2002-03-02 22:23:59,true
174,5,2023-04-01 15:28:17,true
308,14,2020-11-06 22:52:43,true
255,12,2009-06-26 23:00:12,true
231,17,2007-04-05 11:42:13,false
480,2,2003-02-10 15:37:25,true
91,11,2022-11-21 19:18:44,false
161,6,2017-02-26 02:39:29,true
266,18,2007-08-02 22:13:57,false
32,20,2007-04-26 20:57:28,true
259,18,2014-02-16 10:58:45,false
67,18,2016-02-08 11:29:54,true
437,8,2017-12-27 00:50:33,false
151,11,2021-09-14 22:29:16,true
47,6,2005-03-25 17:10:30,true
245,7,2022-06-30 02:12:20,false
56,12,2009-07-24 14:50:19,false
357,4,2018-02-15 23:39:54,true
404,15,2022-05-02 01:26:22,true
125,6,2012-08-19 10:26:33,false
381,11,2002-01-09 07:28:09,false
377,11,2020-02-26 05:51:14,false
190,5,2007-10-06 11:06:48,true
20,16,2013-03-29 05:53:50,true
328,20,2010-03-03 22:10:00,true
136,14,2007-09-01 03:58:05,true
57,18,2017-10-20 23:54:42,true
380,15,2014-12-01 19:56:37,false
409,1,2009-04-24 01:05:25,true
416,6,2006-03-02 23:21:00,false
250,9,2004-11-25 14:40:58,false
274,4,2010-09-03 02:04:49,false
85,11,2007-12-21 11:12:16,true
86,18,2008-04-19 08:41:32,true
176,7,2021-12-08 08:18:13,true
236,14,2012-09-23 18:00:41,true
146,19,2014-05-02 03:38:28,false
490,15,2004-11-26 13:22:01,true
31,16,2023-02-05 15:09:48,false
217,20,2003-04-27 12:18:21,false
302,15,2004-11-09 17:30:08,false
128,17,2020-04-26 21:32:07,true
141,8,2023-09-09 11:58:21,true
163,9,2001-12-15 11:34:12,false
325,7,2019-12-29 08:03:04,false
233,5,2018-12-26 22:04:34,false
285,17,2004-10-28 03:18:30,false
266,11,2019-08-14 01:33:47,false
31,17,2019-01-24 21:07:38,true
366,17,2009-11-06 00:39:18,false
262,13,2009-08-17 21:50:32,true
172,13,2021-05-18 09:39:04,true
108,15,2013-10-27 03:37:20,false
25,6,2010-03-05 23:50:27,false
124,2,2004-09-17 10:22:42,true
474,8,2003-06-21 06:36:01,false
124,7,2010-12-09 02:58:26,true
475,16,2002-11-03 17:24:16,true
478,14,2004-09-18 10:20:26,false
251,9,2013-11-16 18:00:08,false
146,11,2010-12-09 10:41:57,true
105,1,2009-05-24 12:44:04,true
288,5,2003-04-08 01:31:56,false
24,4,2002-03-27 18:03:53,true
431,14,2016-12-08 06:22:24,true
311,9,2005-08-06 06:24:46,false
217,13,2008-04-13 01:59:56,true
322,8,2020-10-14 04:11:51,false
412,16,2023-02-23 13:16:07,true
452,17,2014-08-14 08:59:48,true
407,4,2008-01-19 04:23:01,true
230,10,2012-12-24 09:07:52,true
312,11,2016-09-02 07:57:10,true
184,14,2022-03-07 18:58:23,false
148,15,2002-04-30 04:41:29,false
346,12,2020-10-11 20:29:11,true
411,2,2014-11-21 08:41:21,true
38,5,2023-08-28 20:04:37,false
76,13,2020-09-06 23:14:52,true
137,13,2004-10-14 22:28:38,false
101,4,2007-05-21 22:50:23,true
421,10,2010-03-23 01:27:23,false
433,14,2020-02-15 10:02:27,true
275,18,2016-12-18 07:43:34,true
216,10,2010-12-02 10:40:57,true
4,4,2022-06-06 23:56:34,false
413,17,2002-01-24 04:01:09,true
251,10,2002-06-02 16:25:00,false
293,20,2022-04-01 10:38:16,true
284,8,2022-01-08 05:29:39,false
41,2,2007-10-24 23:37:08,true
448,4,2022-07-20 02:27:35,false
367,17,2019-02-03 16:32:37,false
352,18,2011-08-26 22:25:43,true
124,16,2016-05-27 00:33:46,true
104,3,2022-10-01 23:12:01,true
380,2,2013-01-11 22:55:08,false
86,17,2006-06-10 11:08:13,false
274,20,2005-10-30 03:27:02,false
499,19,2003-11-21 00:08:09,true
33,18,2006-06-19 18:14:51,true
495,20,2020-11-01 10:57:35,true
477,13,2020-09-04 03:36:23,true
69,18,2015-11-02 03:41:11,false
313,20,2019-05-01 22:15:18,true
144,10,2014-12-26 05:00:48,true
251,4,2011-05-31 00:25:27,true
118,2,2012-12-07 15:15:00,false
43,3,2014-09-01 13:32:13,false
228,2,2008-04-21 00:06:25,true
35,3,2003-01-09 23:05:47,false
3,8,2004-09-09 14:10:11,false
71,1,2004-06-11 05:11:15,false
498,2,2012-11-18 09:48:35,false
38,9,2017-11-21 19:53:40,true
416,17,2016-01-07 01:22:03,true
307,11,2008-11-22 19:17:41,false
137,11,2006-12-26 19:48:39,true
159,14,2014-12-18 23:12:13,true
476,1,2014-09-27 09:59:48,true
440,1,2004-02-13 05:15:58,false
497,2,2022-03-21 14:58:11,true
222,13,2007-07-15 07:37:43,false
295,6,2013-09-03 06:32:19,true
349,10,2015-06-10 03:57:54,true
343,13,2019-11-27 12:07:33,false
277,8,2018-09-01 11:50:30,true
414,15,2007-11-18 16:46:48,true
59,15,2014-08-05 23:22:47,false
346,15,2019-04-14 20:01:34,false
126,15,2009-04-14 01:40:15,false
235,11,2017-08-02 15:42:16,true
439,10,2020-03-26 04:21:42,true
150,10,2004-04-10 14:40:35,true
170,4,2015-11-23 14:13:47,false
404,16,2023-05-25 03:30:48,true
36,14,2005-11-05 12:31:47,false
157,13,2004-12-19 14:09:50,true
333,18,2002-11-23 11:00:06,true
321,19,2006-07-04 06:15:01,true
281,3,2014-03-22 04:40:07,true
302,2,2015-02-13 17:30:35,true
42,17,2005-10-01 19:52:08,true
75,8,2004-05-28 01:25:41,false
23,4,2006-07-11 16:53:57,false
197,20,2016-08-18 13:55:34,true
33,15,2007-05-30 07:28:22,false
329,11,2014-07-19 02:17:49,true
248,16,2013-11-22 14:03:21,true
200,1,2018-04-09 17:19:38,false
22,6,2002-03-12 16:54:10,false
407,16,2019-06-03 15:55:54,true
91,20,2016-12-08 12:43:59,false
67,8,2022-01-04 23:08:52,false
327,7,2009-06-13 14:36:21,false
86,3,2002-03-30 09:14:41,false
232,4,2008-04-18 21:32:33,true
403,13,2002-09-22 21:35:26,false
137,7,2015-02-20 21:14:41,true
206,1,2002-07-01 10:46:12,false
442,6,2008-08-30 09:37:30,true
39,3,2017-10-01 05:41:31,false
160,4,2006-04-04 13:56:23,false
339,10,2011-02-06 14:41:16,false
390,18,2019-08-14 02:55:00,false
295,5,2008-11-18 08:57:16,false
28,8,2005-06-22 04:35:26,true
372,20,2014-01-06 22:51:10,false
411,15,2003-09-30 04:48:57,true
24,17,2007-04-07 04:35:40,true
310,14,2004-09-30 02:07:58,false
7,14,2014-04-17 15:07:06,false
283,4,2022-06-30 20:59:07,false
188,3,2006-07-23 04:03:17,false
221,9,2009-03-18 09:31:39,true
266,18,2006-12-03 16:03:06,false
216,14,2011-06-07 06:39:44,false
317,18,2015-02-28 04:16:20,false
181,20,2011-03-25 14:10:30,true
194,9,2017-01-15 13:40:32,false
103,10,2019-03-30 17:00:21,true
107,11,2010-07-22 21:25:20,true
481,12,2022-01-21 18:05:29,true
27,14,2002-11-14 08:21:12,true
25,15,2020-01-26 08:35:57,false
15,17,2022-03-09 11:36:18,true
272,14,2016-06-09 08:37:05,false
42,2,2004-05-31 06:23:50,false
483,17,2007-05-25 21:39:17,false
73,12,2008-03-24 20:51:42,false
397,7,2010-07-10 23:27:49,true
213,14,2016-11-04 13:37:54,false
201,15,2004-04-29 08:53:27,true
409,1,2022-02-12 17:44:51,false
389,10,2005-01-26 18:03:39,true
175,20,2022-09-07 17:26:39,false
125,14,2022-06-26 08:04:50,false
200,19,2016-12-04 16:47:26,false
109,8,2017-07-11 19:13:59,true
164,14,2013-10-06 18:38:27,true
407,18,2003-02-01 05:22:21,false
260,1,2020-07-09 16:06:35,true
28,1,2013-06-06 05:11:05,true
279,8,2017-03-23 14:03:01,false
149,19,2022-05-27 05:23:41,false
230,16,2022-03-31 00:44:13,false
444,4,2019-05-01 17:09:01,true
241,17,2011-09-12 23:09:24,true
419,15,2008-12-17 02:47:00,true
234,1,2013-07-13 11:50:52,false
277,3,2005-04-26 16:39:28,true
152,7,2010-11-09 16:57:37,true
436,1,2022-04-12 07:23:22,false
11,8,2001-12-15 01:31:39,true
240,14,2003-04-10 14:27:03,true
32,13,2019-07-26 08:29:07,true
43,14,2012-09-30 02:35:24,false
281,2,2010-04-09 13:48:37,true
490,1,2017-04-07 11:39:14,true
416,14,2002-10-08 17:23:51,true
99,3,2021-11-04 20:47:56,false
381,7,2013-08-02 17:49:26,false
342,5,2012-07-30 18:12:06,true
258,14,2010-10-15 15:31:59,false
247,9,2021-09-10 06:11:31,true
130,6,2020-06-22 18:34:05,false
404,8,2006-12-19 09:01:10,false
349,12,2019-10-19 13:22:30,true
363,6,2002-03-22 21:09:22,true
219,10,2016-03-28 21:38:54,true
366,5,2008-11-16 10:33:13,false
185,3,2011-03-06 04:31:11,true
338,11,2013-06-05 07:53:28,false
147,16,2014-12-24 20:28:31,true
346,1,2012-01-24 11:49:43,true
394,5,2002-12-24 09:45:59,true
377,13,2019-09-15 01:04:55,false
23,18,2008-11-10 17:50:47,false
365,1,2013-01-06 23:02:00,false
66,15,2008-03-26 04:35:54,false
41,15,2022-03-29 11:19:31,true
29,18,2008-05-01 11:08:24,true
328,5,2016-07-19 13:26:58,true
77,13,2018-10-18 13:35:03,false
490,13,2021-01-01 16:43:37,true
68,18,2005-11-01 01:16:49,false
216,18,2004-03-23 09:45:51,true
388,9,2016-10-27 04:30:18,true
274,11,2013-12-18 14:49:23,true
208,10,2016-12-30 11:11:59,false
203,8,2023-09-16 01:15:32,true
377,6,2021-12-17 05:47:32,true
488,1,2018-05-26 18:08:26,true
334,2,2014-04-05 03:28:51,true
414,9,2003-08-06 20:16:04,false
364,10,2008-06-18 23:36:48,true
166,15,2011-06-14 06:02:59,false
179,19,2006-08-12 10:41:00,false
486,19,2022-02-06 01:32:21,true
355,15,2005-03-25 15:45:36,false
456,4,2008-10-14 13:55:52,true
203,12,2003-10-03 11:21:02,false
394,17,2016-07-13 23:32:56,false
197,11,2018-02-04 16:02:53,false
364,18,2010-04-19 23:14:38,true
178,7,2009-12-29 00:11:14,true
351,16,2009-04-23 16:21:08,true
232,20,2022-05-22 21:28:29,true
99,8,2012-10-27 15:32:39,false
41,6,2013-08-28 23:41:37,true
340,20,2010-09-04 12:20:31,true
369,5,2009-07-08 15:12:51,false
324,5,2018-08-20 20:31:06,false
72,5,2016-11-11 01:17:35,false
499,4,2004-03-10 17:46:31,false
271,13,2009-03-03 02:05:01,false
13,14,2023-07-01 08:49:31,false
406,3,2005-10-21 14:41:59,false
251,11,2006-12-31 02:58:55,true
73,15,2016-03-07 12:59:17,true
290,1,2015-07-19 20:42:54,false
66,4,2013-06-12 18:43:05,true
320,19,2021-10-03 08:40:36,true
261,14,2003-10-26 04:53:41,true
102,17,2012-05-09 02:19:28,false
153,6,2013-04-24 06:07:00,false
120,4,2007-12-02 03:04:02,false
285,15,2004-02-29 07:45:24,true
500,1,2003-04-25 19:11:58,true
213,10,2021-07-19 06:27:37,true
108,6,2019-05-19 05:43:10,false
387,5,2006-03-09 13:02:46,true
341,5,2014-06-09 22:15:49,false
67,1,2006-03-31 16:50:40,false
400,1,2005-01-14 23:19:25,true
59,16,2020-09-01 14:31:37,false
309,14,2006-03-16 10:19:00,true
15,9,2005-03-22 01:57:36,false
276,12,2004-07-04 19:06:07,true
25,3,2022-10-10 05:52:43,false
320,3,2011-03-15 03:31:44,false
321,14,2009-03-08 16:44:53,false
4,8,2018-07-06 10:41:34,false
356,11,2012-08-08 01:18:45,true
385,18,2020-02-19 11:09:40,true
383,9,2008-09-04 08:40:17,true
307,11,2007-12-22 09:03:07,false
225,2,2013-10-17 20:35:51,true
439,11,2012-11-05 11:09:29,false
279,15,2011-10-06 07:59:39,true
377,2,2018-08-03 07:18:42,false
262,8,2021-10-19 09:33:53,false
127,15,2017-12-31 04:53:19,false
335,7,2015-08-08 06:13:06,false
108,20,2004-09-28 09:03:43,true
60,10,2019-03-08 14:46:26,true
496,8,2008-01-15 00:41:13,false
329,11,2018-05-09 03:02:56,false
231,17,2008-08-25 03:54:58,true
217,12,2021-04-20 08:14:40,false
384,4,2002-04-15 15:14:32,true
480,7,2019-06-10 05:47:01,true
190,19,2003-10-14 19:27:10,false
462,20,2013-07-08 13:49:57,true
454,8,2020-01-31 01:04:03,false
160,16,2015-05-15 17:50:23,false
165,13,2020-03-11 05:44:02,true
175,16,2011-07-08 13:55:27,true
43,6,2012-07-23 19:02:01,true
205,7,2015-12-01 05:50:53,false
208,18,2021-11-14 06:54:10,false
124,8,2007-12-03 02:57:20,false
492,16,2015-03-10 16:56:56,false
449,7,2002-04-08 22:18:02,true
385,4,2014-11-11 06:23:08,true
229,17,2002-04-25 12:51:34,false
156,18,2002-07-06 01:38:12,false
413,7,2020-05-28 15:36:21,false
266,20,2017-03-17 03:29:45,true
474,8,2016-06-28 21:11:27,false
205,14,2003-08-25 20:35:26,false
221,3,2008-08-03 05:54:11,true
360,8,2004-05-08 06:20:36,false
291,4,2023-06-08 04:53:02,true
170,10,2013-09-11 21:52:42,false
495,1,2008-12-15 23:14:19,false
158,3,2019-11-08 18:39:32,true
339,18,2003-09-01 09:53:59,true
149,3,2006-04-20 01:10:20,false
435,8,2006-10-23 01:32:11,false
402,13,2002-05-21 12:43:09,true
315,13,2018-08-24 17:02:24,false
56,10,2004-01-29 21:07:22,false
201,4,2002-01-28 08:31:31,true
419,10,2007-07-23 17:13:18,true
124,5,2008-01-12 22:41:04,true
129,12,2003-04-18 17:32:50,true
490,7,2002-04-23 19:58:25,false
482,2,2018-09-23 20:01:46,false
483,9,2016-07-30 11:56:16,false
198,10,2009-08-21 15:01:19,true
40,11,2020-09-21 18:08:37,true
331,9,2021-07-15 13:23:42,false
222,1,2004-07-14 20:38:38,true
188,7,2009-12-18 00:41:04,true
451,17,2023-01-25 03:03:34,false
209,2,2019-07-14 06:45:21,true
117,15,2008-01-25 11:27:16,true
353,6,2014-07-05 01:20:29,true
478,1,2018-06-12 02:18:59,true
298,10,2023-05-10 16:10:14,true
22,15,2008-08-08 02:09:38,true
446,17,2005-11-18 09:59:07,false
105,9,2021-05-22 17:55:37,true
318,3,2021-06-06 11:09:04,true
318,19,2004-12-31 08:49:39,false
268,3,2022-09-07 06:20:48,false
171,2,2010-06-12 12:32:16,true
267,11,2005-01-28 00:30:40,true
86,7,2010-04-27 08:05:27,false
75,14,2009-06-12 21:53:35,false
241,9,2020-12-22 07:47:20,true
444,14,2014-02-16 10:28:42,true
485,7,2014-03-03 03:48:07,false
228,9,2009-01-27 15:12:20,false
306,12,2022-05-19 07:38:49,false
8,17,2005-07-16 13:16:17,false
200,7,2006-12-26 20:53:53,true
185,12,2001-12-02 11:33:33,true
482,8,2023-06-28 02:59:40,true
225,13,2011-03-16 05:34:44,true
8,14,2015-01-10 05:15:07,false
15,8,2010-10-09 15:56:52,true
214,6,2020-07-08 05:22:52,false
13,12,2005-11-17 11:04:23,false
19,15,2020-07-28 22:27:04,false
37,3,2020-11-29 08:22:53,false
375,5,2015-09-30 19:20:26,true
77,8,2017-07-01 10:13:12,false
114,16,2006-11-30 07:33:14,true
173,5,2015-02-06 21:19:15,true
331,20,2005-03-29 23:51:50,true
259,5,2004-01-27 09:38:30,true
374,15,2003-02-16 02:18:10,true
444,20,2010-08-04 22:42:07,true
192,12,2020-01-20 16:27:56,false
36,1,2022-03-06 07:02:00,false
251,6,2004-06-19 13:55:08,false
236,5,2012-11-13 21:52:02,false
301,2,2022-01-09 05:55:41,false
114,15,2021-12-23 10:46:56,true
109,3,2002-06-12 09:50:05,false
4,4,2016-11-24 19:19:38,false
119,8,2012-05-27 10:16:57,true
124,19,2011-12-27 17:23:02,true
133,20,2008-01-13 02:05:22,true
329,6,2005-11-07 14:49:31,true
54,14,2013-06-30 21:17:56,false
19,20,2016-10-10 01:03:47,true
293,16,2006-11-01 20:00:08,false
53,8,2020-12-11 13:51:55,true
357,19,2008-03-31 07:05:56,true
98,9,2021-01-25 12:41:12,false
447,12,2014-10-31 02:39:32,true
203,3,2003-02-15 20:56:40,false
317,1,2009-09-11 06:42:09,true
268,8,2014-12-02 09:26:07,false
304,8,2005-04-01 17:28:30,true
49,12,2002-04-04 14:18:24,false
221,13,2011-05-20 11:25:28,false
99,16,2005-02-26 17:19:39,false
388,16,2014-10-06 19:11:30,false
274,7,2017-08-21 12:30:07,false
71,12,2020-05-02 02:28:04,false
117,3,2007-01-04 21:10:42,false
86,5,2018-10-17 03:32:49,false
22,8,2020-04-20 08:53:41,true
387,3,2019-04-17 08:05:35,false
10,2,2020-02-02 21:10:59,false
228,1,2012-06-08 05:20:21,false
274,12,2002-06-28 23:25:53,true
398,7,2015-10-10 06:25:00,true
179,4,2004-01-07 06:04:39,true
63,10,2020-12-12 21:48:11,true
144,12,2018-04-03 12:50:31,true
419,12,2005-01-09 06:35:48,true
185,15,2012-06-07 15:20:02,true
204,14,2022-02-25 19:54:27,true
242,6,2016-03-26 22:08:23,true
239,7,2018-03-10 12:36:50,true
427,16,2022-04-28 01:49:43,true
247,13,2023-02-06 19:47:46,true
169,5,2007-05-30 04:40:01,true
