INSERT INTO estudiante(nombre,apellido,edad,ciudad_residencia,genero,dni,libreta) VALUES ('Lanni','Meneyer',62,'Hongwei','Female',21748144,100000);
INSERT INTO estudiante(nombre,apellido,edad,ciudad_residencia,genero,dni,libreta) VALUES ('Woodman','Ruggles',18,'Baihua','Male',25484449,100001);
INSERT INTO estudiante(nombre,apellido,edad,ciudad_residencia,genero,dni,libreta) VALUES ('Annora','De la Eglise',65,'Lluchubamba','Female',35844274,100002);
INSERT INTO estudiante(nombre,apellido,edad,ciudad_residencia,genero,dni,libreta) VALUES ('Granville','Curgenuer',50,'Jardoeira','Male',22972883,100003);
INSERT INTO estudiante(nombre,apellido,edad,ciudad_residencia,genero,dni,libreta) VALUES ('Garvy','Bitterton',83,'Houjie','Male',36470214,100004);
INSERT INTO estudiante(nombre,apellido,edad,ciudad_residencia,genero,dni,libreta) VALUES ('Abbe','Opie',82,'København','Male',49584648,100005);
INSERT INTO estudiante(nombre,apellido,edad,ciudad_residencia,genero,dni,libreta) VALUES ('Virgina','Twigge',82,'Gubin','Female',43025516,100006);
INSERT INTO estudiante(nombre,apellido,edad,ciudad_residencia,genero,dni,libreta) VALUES ('Cordie','Deighan',46,'Oxford','Bigender',36249689,100007);
INSERT INTO estudiante(nombre,apellido,edad,ciudad_residencia,genero,dni,libreta) VALUES ('Ronny','Baudone',72,'Pubal','Male',26091373,100008);
INSERT INTO estudiante(nombre,apellido,edad,ciudad_residencia,genero,dni,libreta) VALUES ('Conant','McJarrow',21,'Santo Antonio da Charneca','Male',30156709,100009);
INSERT INTO estudiante(nombre,apellido,edad,ciudad_residencia,genero,dni,libreta) VALUES ('Anny','McKeever',30,'Tulcán','Female',31443660,100010);
INSERT INTO estudiante(nombre,apellido,edad,ciudad_residencia,genero,dni,libreta) VALUES ('Darius','Curling',97,'Nasīrābād','Male',45213205,100011);
INSERT INTO estudiante(nombre,apellido,edad,ciudad_residencia,genero,dni,libreta) VALUES ('Elmer','Sleith',41,'Khorramdarreh','Male',22452122,100012);
INSERT INTO estudiante(nombre,apellido,edad,ciudad_residencia,genero,dni,libreta) VALUES ('Clarie','Wheble',90,'Koktokay','Female',33450938,100013);
INSERT INTO estudiante(nombre,apellido,edad,ciudad_residencia,genero,dni,libreta) VALUES ('Ronni','Twiggins',57,'Valença','Female',34350489,100014);
INSERT INTO estudiante(nombre,apellido,edad,ciudad_residencia,genero,dni,libreta) VALUES ('Eleen','Tregonna',46,'Jiuzihe','Female',20037958,100015);
INSERT INTO estudiante(nombre,apellido,edad,ciudad_residencia,genero,dni,libreta) VALUES ('Roselle','Effnert',78,'Sebedo','Female',45506985,100016);
INSERT INTO estudiante(nombre,apellido,edad,ciudad_residencia,genero,dni,libreta) VALUES ('Daven','Shallo',50,'Syców','Male',36750592,100017);
INSERT INTO estudiante(nombre,apellido,edad,ciudad_residencia,genero,dni,libreta) VALUES ('Elmira','Buddles',87,'Al Buq‘ah','Female',20866916,100018);
INSERT INTO estudiante(nombre,apellido,edad,ciudad_residencia,genero,dni,libreta) VALUES ('Standford','Dundredge',63,'Mao’er','Male',36135303,100019);
INSERT INTO estudiante(nombre,apellido,edad,ciudad_residencia,genero,dni,libreta) VALUES ('Glori','New',88,'Simitli','Female',23953733,100020);
INSERT INTO estudiante(nombre,apellido,edad,ciudad_residencia,genero,dni,libreta) VALUES ('Sidnee','Grahame',85,'Villa Dolores','Bigender',20284301,100021);
INSERT INTO estudiante(nombre,apellido,edad,ciudad_residencia,genero,dni,libreta) VALUES ('Julie','Eacle',22,'Jangas','Female',21738306,100022);
INSERT INTO estudiante(nombre,apellido,edad,ciudad_residencia,genero,dni,libreta) VALUES ('Creighton','Radley',62,'Askersund','Male',49132227,100023);
INSERT INTO estudiante(nombre,apellido,edad,ciudad_residencia,genero,dni,libreta) VALUES ('Harriette','Wardley',74,'Dambulla','Female',26615311,100024);
INSERT INTO estudiante(nombre,apellido,edad,ciudad_residencia,genero,dni,libreta) VALUES ('Reinhard','Schach',24,'Leluo','Male',32229863,100025);
INSERT INTO estudiante(nombre,apellido,edad,ciudad_residencia,genero,dni,libreta) VALUES ('Kendra','MacRonald',73,'Sulbiny Górne','Female',37270591,100026);
INSERT INTO estudiante(nombre,apellido,edad,ciudad_residencia,genero,dni,libreta) VALUES ('Belita','Chastagnier',36,'Ingenio La Esperanza','Female',25050734,100027);
INSERT INTO estudiante(nombre,apellido,edad,ciudad_residencia,genero,dni,libreta) VALUES ('Sherlock','Aleswell',87,'Cihua','Male',28282327,100028);
INSERT INTO estudiante(nombre,apellido,edad,ciudad_residencia,genero,dni,libreta) VALUES ('Sondra','Paolotto',44,'Gobernador Gálvez','Female',33628405,100029);
INSERT INTO estudiante(nombre,apellido,edad,ciudad_residencia,genero,dni,libreta) VALUES ('Guthry','MacMaykin',60,'Leeds','Male',36799459,100030);
INSERT INTO estudiante(nombre,apellido,edad,ciudad_residencia,genero,dni,libreta) VALUES ('Charmaine','Frear',35,'Hede','Female',44436157,100031);
INSERT INTO estudiante(nombre,apellido,edad,ciudad_residencia,genero,dni,libreta) VALUES ('Aindrea','Dayer',71,'Kaiaf','Female',34757322,100032);
INSERT INTO estudiante(nombre,apellido,edad,ciudad_residencia,genero,dni,libreta) VALUES ('Uri','Ewenson',49,'Gusau','Genderqueer',37348818,100033);
INSERT INTO estudiante(nombre,apellido,edad,ciudad_residencia,genero,dni,libreta) VALUES ('Deane','Brech',48,'Junaynat Raslān','Male',34105959,100034);
INSERT INTO estudiante(nombre,apellido,edad,ciudad_residencia,genero,dni,libreta) VALUES ('Kerry','Ausiello',44,'Kombapari','Agender',28149775,100035);
INSERT INTO estudiante(nombre,apellido,edad,ciudad_residencia,genero,dni,libreta) VALUES ('Frazer','Shipman',49,'Dingdian','Male',27406298,100036);
INSERT INTO estudiante(nombre,apellido,edad,ciudad_residencia,genero,dni,libreta) VALUES ('Allie','Sahnow',94,'Santa Maria Oliveira','Female',31968834,100037);
INSERT INTO estudiante(nombre,apellido,edad,ciudad_residencia,genero,dni,libreta) VALUES ('Allix','Drayson',58,'Tagakpan','Agender',35304031,100038);
INSERT INTO estudiante(nombre,apellido,edad,ciudad_residencia,genero,dni,libreta) VALUES ('Frederic','Snawdon',96,'Halton','Non-binary',28365143,100039);
INSERT INTO estudiante(nombre,apellido,edad,ciudad_residencia,genero,dni,libreta) VALUES ('Marietta','Bullman',93,'Åstorp','Male',47952690,100040);
INSERT INTO estudiante(nombre,apellido,edad,ciudad_residencia,genero,dni,libreta) VALUES ('Orion','Cardero',18,'Malikisi','Male',31228169,100041);
INSERT INTO estudiante(nombre,apellido,edad,ciudad_residencia,genero,dni,libreta) VALUES ('Gabriello','Duckett',27,'Parobé','Male',24599046,100042);
INSERT INTO estudiante(nombre,apellido,edad,ciudad_residencia,genero,dni,libreta) VALUES ('Romona','Waddie',56,'Sidi Slimane','Female',39455946,100043);
INSERT INTO estudiante(nombre,apellido,edad,ciudad_residencia,genero,dni,libreta) VALUES ('Gerrard','Yurchishin',83,'Vilarinho da Castanheira','Male',22617932,100044);
INSERT INTO estudiante(nombre,apellido,edad,ciudad_residencia,genero,dni,libreta) VALUES ('Rita','Benion',61,'Udënisht','Female',30342374,100045);
INSERT INTO estudiante(nombre,apellido,edad,ciudad_residencia,genero,dni,libreta) VALUES ('Garfield','Ethelston',25,'Mount Frere','Male',30672305,100046);
INSERT INTO estudiante(nombre,apellido,edad,ciudad_residencia,genero,dni,libreta) VALUES ('Rori','Brockelsby',92,'Mao','Female',47262302,100047);
INSERT INTO estudiante(nombre,apellido,edad,ciudad_residencia,genero,dni,libreta) VALUES ('Herb','Bignall',22,'Padangbai','Male',41844913,100048);
INSERT INTO estudiante(nombre,apellido,edad,ciudad_residencia,genero,dni,libreta) VALUES ('Rich','Moller',29,'Sölvesborg','Male',49458951,100049);
INSERT INTO estudiante(nombre,apellido,edad,ciudad_residencia,genero,dni,libreta) VALUES ('Brendon','Whelpdale',47,'Nginjen','Bigender',23712252,100050);
INSERT INTO estudiante(nombre,apellido,edad,ciudad_residencia,genero,dni,libreta) VALUES ('Ginger','Lebourn',65,'Etinan','Male',24724812,100051);
INSERT INTO estudiante(nombre,apellido,edad,ciudad_residencia,genero,dni,libreta) VALUES ('Ainslie','McCay',23,'Abuyog','Female',35120334,100052);
INSERT INTO estudiante(nombre,apellido,edad,ciudad_residencia,genero,dni,libreta) VALUES ('Myrwyn','Bulfield',30,'Moutfort','Male',42985514,100053);
INSERT INTO estudiante(nombre,apellido,edad,ciudad_residencia,genero,dni,libreta) VALUES ('Gaynor','Attfield',95,'Ipueiras','Female',36131235,100054);
INSERT INTO estudiante(nombre,apellido,edad,ciudad_residencia,genero,dni,libreta) VALUES ('Roch','Jennemann',64,'Chafé','Female',48539484,100055);
INSERT INTO estudiante(nombre,apellido,edad,ciudad_residencia,genero,dni,libreta) VALUES ('Margarita','Grimsley',71,'Pysznica','Female',30913373,100056);
INSERT INTO estudiante(nombre,apellido,edad,ciudad_residencia,genero,dni,libreta) VALUES ('Wandis','Simner',30,'Urechcha','Female',25123772,100057);
INSERT INTO estudiante(nombre,apellido,edad,ciudad_residencia,genero,dni,libreta) VALUES ('Andrea','Martines',30,'Tandil','Female',42381126,100058);
INSERT INTO estudiante(nombre,apellido,edad,ciudad_residencia,genero,dni,libreta) VALUES ('Elena','Agostini',33,'Libu','Non-binary',27515051,100059);
INSERT INTO estudiante(nombre,apellido,edad,ciudad_residencia,genero,dni,libreta) VALUES ('Sinclare','Dandy',88,'Maying','Male',22438219,100060);
INSERT INTO estudiante(nombre,apellido,edad,ciudad_residencia,genero,dni,libreta) VALUES ('Jeanie','Northridge',83,'Jaú','Female',36220891,100061);
INSERT INTO estudiante(nombre,apellido,edad,ciudad_residencia,genero,dni,libreta) VALUES ('Audrye','Skarr',21,'Dajasongai','Female',23801881,100062);
INSERT INTO estudiante(nombre,apellido,edad,ciudad_residencia,genero,dni,libreta) VALUES ('Krishnah','Swain',41,'Jiepai','Male',38151563,100063);
INSERT INTO estudiante(nombre,apellido,edad,ciudad_residencia,genero,dni,libreta) VALUES ('Basia','Eady',30,'Arfará','Female',30117001,100064);
INSERT INTO estudiante(nombre,apellido,edad,ciudad_residencia,genero,dni,libreta) VALUES ('Moises','Fuzzard',85,'Vynohradove','Male',44122307,100065);
INSERT INTO estudiante(nombre,apellido,edad,ciudad_residencia,genero,dni,libreta) VALUES ('Mabelle','Raggitt',82,'Miras','Female',48020841,100066);
INSERT INTO estudiante(nombre,apellido,edad,ciudad_residencia,genero,dni,libreta) VALUES ('Raymund','Jellings',86,'Al Ghayl','Male',27193193,100067);
INSERT INTO estudiante(nombre,apellido,edad,ciudad_residencia,genero,dni,libreta) VALUES ('Nicolle','Attenbarrow',74,'Sugcad','Female',32384821,100068);
INSERT INTO estudiante(nombre,apellido,edad,ciudad_residencia,genero,dni,libreta) VALUES ('Monroe','McGeoch',50,'Kolbudy','Male',44201774,100069);
INSERT INTO estudiante(nombre,apellido,edad,ciudad_residencia,genero,dni,libreta) VALUES ('Melody','Penkman',22,'Itoigawa','Female',26232098,100070);
INSERT INTO estudiante(nombre,apellido,edad,ciudad_residencia,genero,dni,libreta) VALUES ('Kate','Walework',92,'Shahrak-e Bākharz','Female',28404387,100071);
INSERT INTO estudiante(nombre,apellido,edad,ciudad_residencia,genero,dni,libreta) VALUES ('Tan','Langsbury',32,'Dolna Banjica','Male',32309895,100072);
INSERT INTO estudiante(nombre,apellido,edad,ciudad_residencia,genero,dni,libreta) VALUES ('Bryce','Creevy',90,'Shanxia','Male',28320049,100073);
INSERT INTO estudiante(nombre,apellido,edad,ciudad_residencia,genero,dni,libreta) VALUES ('Dave','Paolino',21,'La Laguna','Male',22692996,100074);
INSERT INTO estudiante(nombre,apellido,edad,ciudad_residencia,genero,dni,libreta) VALUES ('Bondon','Gowler',92,'Nuštar','Genderfluid',37088915,100075);
INSERT INTO estudiante(nombre,apellido,edad,ciudad_residencia,genero,dni,libreta) VALUES ('Nicolas','Micah',88,'Kavýli','Male',38612987,100076);
INSERT INTO estudiante(nombre,apellido,edad,ciudad_residencia,genero,dni,libreta) VALUES ('Carolynn','Fley',45,'Strumica','Female',47336609,100077);
INSERT INTO estudiante(nombre,apellido,edad,ciudad_residencia,genero,dni,libreta) VALUES ('Karola','Farrant',73,'Novotroitsk','Polygender',38881315,100078);
INSERT INTO estudiante(nombre,apellido,edad,ciudad_residencia,genero,dni,libreta) VALUES ('Eleanora','Crusham',48,'Sukth','Genderqueer',44474904,100079);
INSERT INTO estudiante(nombre,apellido,edad,ciudad_residencia,genero,dni,libreta) VALUES ('Roanna','Pasek',82,'Ishinomaki','Female',42177781,100080);
INSERT INTO estudiante(nombre,apellido,edad,ciudad_residencia,genero,dni,libreta) VALUES ('Priscilla','Rudyard',54,'Terangun','Female',36033832,100081);
INSERT INTO estudiante(nombre,apellido,edad,ciudad_residencia,genero,dni,libreta) VALUES ('Leonid','Eam',66,'Penggakrajeng','Male',26612868,100082);
INSERT INTO estudiante(nombre,apellido,edad,ciudad_residencia,genero,dni,libreta) VALUES ('Jess','Capehorn',74,'Paulba','Female',35351427,100083);
INSERT INTO estudiante(nombre,apellido,edad,ciudad_residencia,genero,dni,libreta) VALUES ('Fedora','Tanfield',96,'Shuiyin','Female',22484825,100084);
INSERT INTO estudiante(nombre,apellido,edad,ciudad_residencia,genero,dni,libreta) VALUES ('Tabby','Reveland',40,'Carenang Lor','Agender',34539586,100085);
INSERT INTO estudiante(nombre,apellido,edad,ciudad_residencia,genero,dni,libreta) VALUES ('Dean','Ruslin',33,'Levallois-Perret','Male',21997938,100086);
INSERT INTO estudiante(nombre,apellido,edad,ciudad_residencia,genero,dni,libreta) VALUES ('Garret','Togwell',69,'Itapagé','Male',25071273,100087);
INSERT INTO estudiante(nombre,apellido,edad,ciudad_residencia,genero,dni,libreta) VALUES ('Pierre','Pratley',73,'Kubangeceng','Male',45586983,100088);
INSERT INTO estudiante(nombre,apellido,edad,ciudad_residencia,genero,dni,libreta) VALUES ('Beatrice','Klimkowski',21,'Stěbořice','Female',33956492,100089);
INSERT INTO estudiante(nombre,apellido,edad,ciudad_residencia,genero,dni,libreta) VALUES ('Donetta','Muncie',54,'Hamakita','Female',27000251,100090);
INSERT INTO estudiante(nombre,apellido,edad,ciudad_residencia,genero,dni,libreta) VALUES ('Fernando','Hayter',81,'Mambago','Male',42857196,100091);
INSERT INTO estudiante(nombre,apellido,edad,ciudad_residencia,genero,dni,libreta) VALUES ('Jenda','McCafferky',38,'Queluz','Female',42488003,100092);
INSERT INTO estudiante(nombre,apellido,edad,ciudad_residencia,genero,dni,libreta) VALUES ('Evangeline','Wansbury',45,'Moro','Female',36953112,100093);
INSERT INTO estudiante(nombre,apellido,edad,ciudad_residencia,genero,dni,libreta) VALUES ('Richie','Manson',93,'Lecheng','Male',32818847,100094);
INSERT INTO estudiante(nombre,apellido,edad,ciudad_residencia,genero,dni,libreta) VALUES ('Denys','Fuke',69,'Estribeiro','Male',35366069,100095);
INSERT INTO estudiante(nombre,apellido,edad,ciudad_residencia,genero,dni,libreta) VALUES ('Cassius','Keerl',74,'Níkaia','Male',27865303,100096);
INSERT INTO estudiante(nombre,apellido,edad,ciudad_residencia,genero,dni,libreta) VALUES ('Marven','Bartholin',64,'Nema','Agender',42436720,100097);
INSERT INTO estudiante(nombre,apellido,edad,ciudad_residencia,genero,dni,libreta) VALUES ('Marline','Mager',85,'Ocala','Female',48032907,100098);
INSERT INTO estudiante(nombre,apellido,edad,ciudad_residencia,genero,dni,libreta) VALUES ('Shamus','Gerry',65,'Henggang','Male',37112582,100099);
INSERT INTO estudiante(nombre,apellido,edad,ciudad_residencia,genero,dni,libreta) VALUES ('Robert','Delmage',77,'Podgorenskiy','Male',29944034,100100);
INSERT INTO estudiante(nombre,apellido,edad,ciudad_residencia,genero,dni,libreta) VALUES ('Curtis','Padrick',78,'Ganjiachang','Male',25595634,100101);
INSERT INTO estudiante(nombre,apellido,edad,ciudad_residencia,genero,dni,libreta) VALUES ('Heinrik','O'' Donohue',48,'Lumatil','Male',25387366,100102);
INSERT INTO estudiante(nombre,apellido,edad,ciudad_residencia,genero,dni,libreta) VALUES ('Maynard','Chimienti',21,'Tuncheng','Male',49909502,100103);
INSERT INTO estudiante(nombre,apellido,edad,ciudad_residencia,genero,dni,libreta) VALUES ('Gilles','Ciraldo',92,'Pingshanhu','Male',25740174,100104);
INSERT INTO estudiante(nombre,apellido,edad,ciudad_residencia,genero,dni,libreta) VALUES ('Carmella','Duffie',18,'Jinchuan','Female',34218012,100105);
INSERT INTO estudiante(nombre,apellido,edad,ciudad_residencia,genero,dni,libreta) VALUES ('Shanan','Booton',64,'Ngenden','Male',40163062,100106);
INSERT INTO estudiante(nombre,apellido,edad,ciudad_residencia,genero,dni,libreta) VALUES ('Lucas','Prestage',34,'Cañuelas','Male',48312214,100107);
INSERT INTO estudiante(nombre,apellido,edad,ciudad_residencia,genero,dni,libreta) VALUES ('Richardo','James',94,'Antagan Segunda','Male',29822871,100108);
INSERT INTO estudiante(nombre,apellido,edad,ciudad_residencia,genero,dni,libreta) VALUES ('Bobinette','Stronach',79,'Shijie','Bigender',44432910,100109);
INSERT INTO estudiante(nombre,apellido,edad,ciudad_residencia,genero,dni,libreta) VALUES ('Gail','Ponde',48,'Saint Paul','Agender',38773797,100110);
INSERT INTO estudiante(nombre,apellido,edad,ciudad_residencia,genero,dni,libreta) VALUES ('Van','Stitwell',52,'Liaodian','Female',28824166,100111);
INSERT INTO estudiante(nombre,apellido,edad,ciudad_residencia,genero,dni,libreta) VALUES ('Galina','Ingliss',34,'Xiangxiang','Female',48298708,100112);
INSERT INTO estudiante(nombre,apellido,edad,ciudad_residencia,genero,dni,libreta) VALUES ('Starla','Penrith',98,'Şabyā','Female',47545563,100113);
INSERT INTO estudiante(nombre,apellido,edad,ciudad_residencia,genero,dni,libreta) VALUES ('Opaline','Turville',22,'Svalöv','Female',36739709,100114);
INSERT INTO estudiante(nombre,apellido,edad,ciudad_residencia,genero,dni,libreta) VALUES ('Jonas','Petroff',73,'Sabugal','Male',48400954,100115);
INSERT INTO estudiante(nombre,apellido,edad,ciudad_residencia,genero,dni,libreta) VALUES ('Weylin','Strettell',73,'Pilang','Male',22413595,100116);
INSERT INTO estudiante(nombre,apellido,edad,ciudad_residencia,genero,dni,libreta) VALUES ('Lyn','Bantick',24,'Lukou','Genderqueer',27027068,100117);
INSERT INTO estudiante(nombre,apellido,edad,ciudad_residencia,genero,dni,libreta) VALUES ('Ruttger','Romain',82,'Vilar do Pinheiro','Male',46389608,100118);
INSERT INTO estudiante(nombre,apellido,edad,ciudad_residencia,genero,dni,libreta) VALUES ('Neely','Wickett',65,'Qingshu','Female',32005259,100119);
INSERT INTO estudiante(nombre,apellido,edad,ciudad_residencia,genero,dni,libreta) VALUES ('Katy','Siddon',51,'Évlalo','Female',36007580,100120);
INSERT INTO estudiante(nombre,apellido,edad,ciudad_residencia,genero,dni,libreta) VALUES ('Lynea','Tennewell',79,'Amagasaki','Female',47352215,100121);
INSERT INTO estudiante(nombre,apellido,edad,ciudad_residencia,genero,dni,libreta) VALUES ('Siffre','Hinrichsen',21,'Muzhou','Male',29288298,100122);
INSERT INTO estudiante(nombre,apellido,edad,ciudad_residencia,genero,dni,libreta) VALUES ('Gregoor','Corby',65,'Sinubong','Male',27614641,100123);
INSERT INTO estudiante(nombre,apellido,edad,ciudad_residencia,genero,dni,libreta) VALUES ('Erie','Garahan',36,'Zielona Góra','Male',22120102,100124);
INSERT INTO estudiante(nombre,apellido,edad,ciudad_residencia,genero,dni,libreta) VALUES ('Karel','Mallord',51,'Sukpak','Male',26604798,100125);
INSERT INTO estudiante(nombre,apellido,edad,ciudad_residencia,genero,dni,libreta) VALUES ('Maurene','Shingler',61,'Cangshi','Female',38087853,100126);
INSERT INTO estudiante(nombre,apellido,edad,ciudad_residencia,genero,dni,libreta) VALUES ('Pepillo','Andrysek',76,'Marogong','Male',34203007,100127);
INSERT INTO estudiante(nombre,apellido,edad,ciudad_residencia,genero,dni,libreta) VALUES ('Pinchas','Christensen',47,'Jianchang','Male',23805989,100128);
INSERT INTO estudiante(nombre,apellido,edad,ciudad_residencia,genero,dni,libreta) VALUES ('Erastus','Alfonsetti',66,'Sopron','Male',33396661,100129);
INSERT INTO estudiante(nombre,apellido,edad,ciudad_residencia,genero,dni,libreta) VALUES ('Martin','Argueyo',44,'Azul','Male',44470263,100130);
INSERT INTO estudiante(nombre,apellido,edad,ciudad_residencia,genero,dni,libreta) VALUES ('Aurlie','Georgel',80,'Abashiri','Female',44071957,100131);
INSERT INTO estudiante(nombre,apellido,edad,ciudad_residencia,genero,dni,libreta) VALUES ('Riobard','Keyte',93,'Kuroishi','Male',32179428,100132);
INSERT INTO estudiante(nombre,apellido,edad,ciudad_residencia,genero,dni,libreta) VALUES ('Abbye','Triplow',38,'Prámanta','Female',34857776,100133);
INSERT INTO estudiante(nombre,apellido,edad,ciudad_residencia,genero,dni,libreta) VALUES ('Jareb','Albisser',28,'Santol','Male',41631305,100134);
INSERT INTO estudiante(nombre,apellido,edad,ciudad_residencia,genero,dni,libreta) VALUES ('Anibal','Troilo',88,'Moreno','Male',35612857,100135);
INSERT INTO estudiante(nombre,apellido,edad,ciudad_residencia,genero,dni,libreta) VALUES ('Betteanne','Rawdall',88,'Wyszki','Female',32190420,100136);
INSERT INTO estudiante(nombre,apellido,edad,ciudad_residencia,genero,dni,libreta) VALUES ('Marlowe','Sweet',98,'Gazli','Male',39544860,100137);
INSERT INTO estudiante(nombre,apellido,edad,ciudad_residencia,genero,dni,libreta) VALUES ('Juana','Morrowe',67,'Chiguang','Genderfluid',35318113,100138);
INSERT INTO estudiante(nombre,apellido,edad,ciudad_residencia,genero,dni,libreta) VALUES ('Liam','Saile',30,'Pianling','Male',32326772,100139);
INSERT INTO estudiante(nombre,apellido,edad,ciudad_residencia,genero,dni,libreta) VALUES ('Gradey','Babonau',79,'Manticao','Male',22122656,100140);
INSERT INTO estudiante(nombre,apellido,edad,ciudad_residencia,genero,dni,libreta) VALUES ('Shayna','Kalf',46,'Kalapadua','Genderfluid',29500298,100141);
INSERT INTO estudiante(nombre,apellido,edad,ciudad_residencia,genero,dni,libreta) VALUES ('Gherardo','Esler',82,'Saint Louis','Male',22118072,100142);
INSERT INTO estudiante(nombre,apellido,edad,ciudad_residencia,genero,dni,libreta) VALUES ('Susy','Linner',44,'Ciénega','Female',34416424,100143);
INSERT INTO estudiante(nombre,apellido,edad,ciudad_residencia,genero,dni,libreta) VALUES ('Oliver','Stollery',25,'Klau','Non-binary',22028396,100144);
INSERT INTO estudiante(nombre,apellido,edad,ciudad_residencia,genero,dni,libreta) VALUES ('Benny','McMullen',48,'Kisesa','Male',20751501,100145);
INSERT INTO estudiante(nombre,apellido,edad,ciudad_residencia,genero,dni,libreta) VALUES ('Merridie','McTrustam',65,'Batasan Bata','Polygender',44362278,100146);
INSERT INTO estudiante(nombre,apellido,edad,ciudad_residencia,genero,dni,libreta) VALUES ('Leonardo','Fransman',47,'Temizhbekskaya','Male',49615986,100147);
INSERT INTO estudiante(nombre,apellido,edad,ciudad_residencia,genero,dni,libreta) VALUES ('Kamila','Connal',54,'Tazarine','Female',41526035,100148);
INSERT INTO estudiante(nombre,apellido,edad,ciudad_residencia,genero,dni,libreta) VALUES ('Siward','Gwioneth',87,'Lokavec','Male',41802201,100149);
INSERT INTO estudiante(nombre,apellido,edad,ciudad_residencia,genero,dni,libreta) VALUES ('Mariana','Cumesky',46,'Drajak','Female',36414346,100150);
INSERT INTO estudiante(nombre,apellido,edad,ciudad_residencia,genero,dni,libreta) VALUES ('Bernhard','Rowbrey',18,'Las Heras','Male',20152810,100151);
INSERT INTO estudiante(nombre,apellido,edad,ciudad_residencia,genero,dni,libreta) VALUES ('Saxe','Sheeres',85,'Soubré','Non-binary',21065149,100152);
INSERT INTO estudiante(nombre,apellido,edad,ciudad_residencia,genero,dni,libreta) VALUES ('Waylen','Braunton',74,'Choushui','Male',20178839,100153);
INSERT INTO estudiante(nombre,apellido,edad,ciudad_residencia,genero,dni,libreta) VALUES ('Aubree','Harcarse',96,'Xindeng','Female',28200009,100154);
INSERT INTO estudiante(nombre,apellido,edad,ciudad_residencia,genero,dni,libreta) VALUES ('Ardisj','Schohier',61,'Cipancur','Female',34716106,100155);
INSERT INTO estudiante(nombre,apellido,edad,ciudad_residencia,genero,dni,libreta) VALUES ('Jacquenetta','Greville',43,'Borgustanskaya','Female',28908994,100156);
INSERT INTO estudiante(nombre,apellido,edad,ciudad_residencia,genero,dni,libreta) VALUES ('Elvin','Childes',71,'Dandu','Male',34266906,100157);
INSERT INTO estudiante(nombre,apellido,edad,ciudad_residencia,genero,dni,libreta) VALUES ('Jilli','Fann',63,'Mahdia','Female',33719656,100158);
INSERT INTO estudiante(nombre,apellido,edad,ciudad_residencia,genero,dni,libreta) VALUES ('Ricardo','Iorio',35,'Moreno','Male',42461660,100159);
INSERT INTO estudiante(nombre,apellido,edad,ciudad_residencia,genero,dni,libreta) VALUES ('Maria','Jose',98,'Mercedes','Female',31358500,100160);
INSERT INTO estudiante(nombre,apellido,edad,ciudad_residencia,genero,dni,libreta) VALUES ('Franzen','Bigland',78,'Casais Baleal','Male',39393831,100161);
INSERT INTO estudiante(nombre,apellido,edad,ciudad_residencia,genero,dni,libreta) VALUES ('Galvan','Mixworthy',20,'Guaíba','Bigender',34914628,100162);
INSERT INTO estudiante(nombre,apellido,edad,ciudad_residencia,genero,dni,libreta) VALUES ('Freeman','Gabel',56,'Yumaguzino','Male',29514837,100163);
INSERT INTO estudiante(nombre,apellido,edad,ciudad_residencia,genero,dni,libreta) VALUES ('Fanny','Purtell',44,'Sidomulyo','Genderfluid',43094074,100164);
INSERT INTO estudiante(nombre,apellido,edad,ciudad_residencia,genero,dni,libreta) VALUES ('Beck','Currey',87,'Mūḩ Ḩasan','Male',48343018,100165);
INSERT INTO estudiante(nombre,apellido,edad,ciudad_residencia,genero,dni,libreta) VALUES ('Sanders','Ennever',34,'Perstorp','Non-binary',36821029,100166);
INSERT INTO estudiante(nombre,apellido,edad,ciudad_residencia,genero,dni,libreta) VALUES ('Sayres','Need',89,'Jungkat Selatan','Male',34458988,100167);
INSERT INTO estudiante(nombre,apellido,edad,ciudad_residencia,genero,dni,libreta) VALUES ('Alphard','Cooley',42,'Mtinko','Non-binary',31562081,100168);
INSERT INTO estudiante(nombre,apellido,edad,ciudad_residencia,genero,dni,libreta) VALUES ('Kaitlin','Greeding',38,'Mont-Laurier','Agender',48268216,100169);
INSERT INTO estudiante(nombre,apellido,edad,ciudad_residencia,genero,dni,libreta) VALUES ('Mercedes','Moura',65,'Tandil','Polygender',45616528,100170);
INSERT INTO estudiante(nombre,apellido,edad,ciudad_residencia,genero,dni,libreta) VALUES ('Timi','Tschirschky',21,'Berkovitsa','Female',20870666,100171);
INSERT INTO estudiante(nombre,apellido,edad,ciudad_residencia,genero,dni,libreta) VALUES ('Kiri','Jarrel',72,'Vidnoye','Female',49250772,100172);
INSERT INTO estudiante(nombre,apellido,edad,ciudad_residencia,genero,dni,libreta) VALUES ('Terence','Tidbald',89,'Strasbourg','Male',36180124,100173);
INSERT INTO estudiante(nombre,apellido,edad,ciudad_residencia,genero,dni,libreta) VALUES ('Noel','Kunisch',98,'Quibdó','Female',46827618,100174);
INSERT INTO estudiante(nombre,apellido,edad,ciudad_residencia,genero,dni,libreta) VALUES ('Wolfy','Mirando',38,'Kaleybar','Male',42099379,100175);
INSERT INTO estudiante(nombre,apellido,edad,ciudad_residencia,genero,dni,libreta) VALUES ('Dwight','Schoolcroft',84,'Quatro Barras','Male',47488945,100176);
INSERT INTO estudiante(nombre,apellido,edad,ciudad_residencia,genero,dni,libreta) VALUES ('Nate','Kaas',46,'Phu Loc','Male',31106278,100177);
INSERT INTO estudiante(nombre,apellido,edad,ciudad_residencia,genero,dni,libreta) VALUES ('Peder','Fernie',62,'Bafoulabé','Male',48592117,100178);
INSERT INTO estudiante(nombre,apellido,edad,ciudad_residencia,genero,dni,libreta) VALUES ('Alvina','Luxton',21,'Arrifes','Female',49901152,100179);
INSERT INTO estudiante(nombre,apellido,edad,ciudad_residencia,genero,dni,libreta) VALUES ('Terrijo','Harrad',66,'Farafenni','Female',32080217,100180);
INSERT INTO estudiante(nombre,apellido,edad,ciudad_residencia,genero,dni,libreta) VALUES ('Ninon','Gavahan',89,'Haz-Zebbug','Female',37265887,100181);
INSERT INTO estudiante(nombre,apellido,edad,ciudad_residencia,genero,dni,libreta) VALUES ('Erin','O''Riordan',63,'Nantes','Male',31752468,100182);
INSERT INTO estudiante(nombre,apellido,edad,ciudad_residencia,genero,dni,libreta) VALUES ('Inez','Mussington',71,'Lucas','Female',37540772,100183);
INSERT INTO estudiante(nombre,apellido,edad,ciudad_residencia,genero,dni,libreta) VALUES ('Welch','Harbard',57,'Galyugayevskaya','Male',25773436,100184);
INSERT INTO estudiante(nombre,apellido,edad,ciudad_residencia,genero,dni,libreta) VALUES ('Erl','Climer',35,'Jiquinlaca','Male',22740026,100185);
INSERT INTO estudiante(nombre,apellido,edad,ciudad_residencia,genero,dni,libreta) VALUES ('Antone','Brattell',73,'Serere','Male',27969084,100186);
INSERT INTO estudiante(nombre,apellido,edad,ciudad_residencia,genero,dni,libreta) VALUES ('Micheline','Hadcroft',32,'Bratislava','Female',36887667,100187);
INSERT INTO estudiante(nombre,apellido,edad,ciudad_residencia,genero,dni,libreta) VALUES ('Chan','Wofenden',61,'Yangping','Male',34839014,100188);
INSERT INTO estudiante(nombre,apellido,edad,ciudad_residencia,genero,dni,libreta) VALUES ('Felita','Broyd',80,'Shicheng','Female',34415703,100189);
INSERT INTO estudiante(nombre,apellido,edad,ciudad_residencia,genero,dni,libreta) VALUES ('Gabbie','Forrest',84,'Tanxi','Male',42619202,100190);
INSERT INTO estudiante(nombre,apellido,edad,ciudad_residencia,genero,dni,libreta) VALUES ('Jillene','Wordington',57,'Sabaneta','Female',28225328,100191);
INSERT INTO estudiante(nombre,apellido,edad,ciudad_residencia,genero,dni,libreta) VALUES ('Tom','Mitroshinov',45,'An Naşşārīyah','Male',38147849,100192);
INSERT INTO estudiante(nombre,apellido,edad,ciudad_residencia,genero,dni,libreta) VALUES ('Nike','Huffey',53,'Lamalewar','Female',22071616,100193);
INSERT INTO estudiante(nombre,apellido,edad,ciudad_residencia,genero,dni,libreta) VALUES ('Tiffany','Ander',36,'São José dos Campos','Female',41239701,100194);
INSERT INTO estudiante(nombre,apellido,edad,ciudad_residencia,genero,dni,libreta) VALUES ('Anni','Karet',97,'Barobo','Female',38290944,100195);
INSERT INTO estudiante(nombre,apellido,edad,ciudad_residencia,genero,dni,libreta) VALUES ('Jule','Vasilmanov',76,'Umeå','Male',37208336,100196);
INSERT INTO estudiante(nombre,apellido,edad,ciudad_residencia,genero,dni,libreta) VALUES ('Nanon','Poytheras',97,'Perlez','Female',45414917,100197);
INSERT INTO estudiante(nombre,apellido,edad,ciudad_residencia,genero,dni,libreta) VALUES ('Damian','Grishankov',89,'Málaga','Male',49642378,100198);
INSERT INTO carrera(id,nombre) VALUES (1,'Structural Engineer');
INSERT INTO carrera(id,nombre) VALUES (2,'Media Manager');
INSERT INTO carrera(id,nombre) VALUES (3,'Chief Design Engineer');
INSERT INTO carrera(id,nombre) VALUES (4,'Accounting Assistant');
INSERT INTO carrera(id,nombre) VALUES (5,'Marketing Assistant');
INSERT INTO carrera(id,nombre) VALUES (6,'VP Sales');
INSERT INTO carrera(id,nombre) VALUES (7,'Physical Therapy Assistant');
INSERT INTO carrera(id,nombre) VALUES (8,'Programmer Analyst');
INSERT INTO carrera(id,nombre) VALUES (9,'Electrical Engineer');
INSERT INTO carrera(id,nombre) VALUES (10,'Tax Accountant');
INSERT INTO carrera(id,nombre) VALUES (11,'Geologist');
INSERT INTO carrera(id,nombre) VALUES (12,'Assistant Manager');
INSERT INTO carrera(id,nombre) VALUES (13,'Librarian');
INSERT INTO carrera(id,nombre) VALUES (14,'Sales Analist');
INSERT INTO carrera(id,nombre) VALUES (15,'Marketing Manager');
INSERT INTO carrera(id,nombre) VALUES (16,'Systems Administrator');
INSERT INTO carrera(id,nombre) VALUES (17,'Director of Sales');
INSERT INTO carrera(id,nombre) VALUES (18,'Help Desk Operator');
INSERT INTO carrera(id,nombre) VALUES (19,'Software Engineer');
INSERT INTO carrera(id,nombre) VALUES (20,'Information Systems Manager');
INSERT INTO estudiante_carrera(estudiante_libreta,carrera_id,fecha_insc,fecha_grad) VALUES (100001,20,'2004-11-04 13:02:00','2009-07-20 01:28:00');
INSERT INTO estudiante_carrera(estudiante_libreta,carrera_id,fecha_insc,fecha_grad) VALUES (100002,17,'2007-03-29 16:05:00',NULL);
INSERT INTO estudiante_carrera(estudiante_libreta,carrera_id,fecha_insc,fecha_grad) VALUES (100002,12,'2005-08-14 21:28:00','2008-09-04 05:32:00');
INSERT INTO estudiante_carrera(estudiante_libreta,carrera_id,fecha_insc,fecha_grad) VALUES (100006,9,'2009-01-17 02:53:00','2013-05-02 23:11:00');
INSERT INTO estudiante_carrera(estudiante_libreta,carrera_id,fecha_insc,fecha_grad) VALUES (100006,13,'2003-04-20 19:13:00',NULL);
INSERT INTO estudiante_carrera(estudiante_libreta,carrera_id,fecha_insc,fecha_grad) VALUES (100006,16,'2006-02-04 18:39:00','2008-10-31 18:39:00');
INSERT INTO estudiante_carrera(estudiante_libreta,carrera_id,fecha_insc,fecha_grad) VALUES (100006,4,'2004-03-15 12:13:00','2006-12-10 12:13:00');
INSERT INTO estudiante_carrera(estudiante_libreta,carrera_id,fecha_insc,fecha_grad) VALUES (100007,11,'2010-05-05 14:04:00','2013-02-15 14:42:00');
INSERT INTO estudiante_carrera(estudiante_libreta,carrera_id,fecha_insc,fecha_grad) VALUES (100007,5,'2007-09-30 12:00:00',NULL);
INSERT INTO estudiante_carrera(estudiante_libreta,carrera_id,fecha_insc,fecha_grad) VALUES (100009,17,'2001-05-22 02:19:00','2005-02-17 03:24:00');
INSERT INTO estudiante_carrera(estudiante_libreta,carrera_id,fecha_insc,fecha_grad) VALUES (100009,7,'2006-01-06 07:23:00','2008-10-02 07:23:00');
INSERT INTO estudiante_carrera(estudiante_libreta,carrera_id,fecha_insc,fecha_grad) VALUES (100009,14,'2004-09-04 22:12:00','2007-06-01 22:12:00');
INSERT INTO estudiante_carrera(estudiante_libreta,carrera_id,fecha_insc,fecha_grad) VALUES (100010,18,'2006-07-22 04:32:00','2009-04-17 04:32:00');
INSERT INTO estudiante_carrera(estudiante_libreta,carrera_id,fecha_insc,fecha_grad) VALUES (100011,20,'2008-07-26 07:11:00','2011-04-22 07:11:00');
INSERT INTO estudiante_carrera(estudiante_libreta,carrera_id,fecha_insc,fecha_grad) VALUES (100011,4,'2003-05-01 05:11:00',NULL);
INSERT INTO estudiante_carrera(estudiante_libreta,carrera_id,fecha_insc,fecha_grad) VALUES (100012,16,'2006-05-23 13:49:00','2009-02-16 13:49:00');
INSERT INTO estudiante_carrera(estudiante_libreta,carrera_id,fecha_insc,fecha_grad) VALUES (100013,17,'2003-01-21 13:13:00','2005-10-17 13:13:00');
INSERT INTO estudiante_carrera(estudiante_libreta,carrera_id,fecha_insc,fecha_grad) VALUES (100015,12,'2004-07-19 03:30:00',NULL);
INSERT INTO estudiante_carrera(estudiante_libreta,carrera_id,fecha_insc,fecha_grad) VALUES (100015,20,'2009-01-23 11:31:00',NULL);
INSERT INTO estudiante_carrera(estudiante_libreta,carrera_id,fecha_insc,fecha_grad) VALUES (100020,11,'2008-03-04 06:25:00','2010-11-29 06:25:00');
INSERT INTO estudiante_carrera(estudiante_libreta,carrera_id,fecha_insc,fecha_grad) VALUES (100020,1,'2003-06-06 12:58:00','2006-09-04 08:16:00');
INSERT INTO estudiante_carrera(estudiante_libreta,carrera_id,fecha_insc,fecha_grad) VALUES (100021,3,'2010-09-17 14:36:00','2013-06-13 14:36:00');
INSERT INTO estudiante_carrera(estudiante_libreta,carrera_id,fecha_insc,fecha_grad) VALUES (100021,2,'2009-12-04 09:15:00','2012-08-30 09:15:00');
INSERT INTO estudiante_carrera(estudiante_libreta,carrera_id,fecha_insc,fecha_grad) VALUES (100022,17,'2005-10-14 15:55:00','2009-01-21 14:20:00');
INSERT INTO estudiante_carrera(estudiante_libreta,carrera_id,fecha_insc,fecha_grad) VALUES (100022,6,'2002-08-19 04:19:00','2005-05-15 04:19:00');
INSERT INTO estudiante_carrera(estudiante_libreta,carrera_id,fecha_insc,fecha_grad) VALUES (100023,7,'2010-05-12 18:42:00',NULL);
INSERT INTO estudiante_carrera(estudiante_libreta,carrera_id,fecha_insc,fecha_grad) VALUES (100023,8,'2004-06-20 19:43:00','2008-08-06 09:13:00');
INSERT INTO estudiante_carrera(estudiante_libreta,carrera_id,fecha_insc,fecha_grad) VALUES (100026,3,'2003-07-24 19:12:00','2006-07-05 04:17:00');
INSERT INTO estudiante_carrera(estudiante_libreta,carrera_id,fecha_insc,fecha_grad) VALUES (100027,13,'2003-04-17 00:35:00','2006-01-11 00:35:00');
INSERT INTO estudiante_carrera(estudiante_libreta,carrera_id,fecha_insc,fecha_grad) VALUES (100028,9,'2004-12-11 21:03:00','2008-03-27 10:44:00');
INSERT INTO estudiante_carrera(estudiante_libreta,carrera_id,fecha_insc,fecha_grad) VALUES (100029,5,'2003-06-25 01:50:00','2007-06-04 18:15:00');
INSERT INTO estudiante_carrera(estudiante_libreta,carrera_id,fecha_insc,fecha_grad) VALUES (100030,15,'2010-07-11 13:09:00','2014-01-27 12:49:00');
INSERT INTO estudiante_carrera(estudiante_libreta,carrera_id,fecha_insc,fecha_grad) VALUES (100032,5,'2001-05-24 01:42:00','2005-07-06 14:04:00');
INSERT INTO estudiante_carrera(estudiante_libreta,carrera_id,fecha_insc,fecha_grad) VALUES (100032,15,'2002-11-20 03:20:00','2007-09-12 14:07:00');
INSERT INTO estudiante_carrera(estudiante_libreta,carrera_id,fecha_insc,fecha_grad) VALUES (100033,7,'2006-08-07 05:37:00',NULL);
INSERT INTO estudiante_carrera(estudiante_libreta,carrera_id,fecha_insc,fecha_grad) VALUES (100034,17,'2005-12-01 08:27:00','2008-08-27 08:27:00');
INSERT INTO estudiante_carrera(estudiante_libreta,carrera_id,fecha_insc,fecha_grad) VALUES (100036,11,'2007-05-10 20:35:00','2010-02-03 20:35:00');
INSERT INTO estudiante_carrera(estudiante_libreta,carrera_id,fecha_insc,fecha_grad) VALUES (100037,18,'2007-09-25 05:02:00','2010-06-21 05:02:00');
INSERT INTO estudiante_carrera(estudiante_libreta,carrera_id,fecha_insc,fecha_grad) VALUES (100038,18,'2002-07-17 09:41:00','2005-04-12 09:41:00');
INSERT INTO estudiante_carrera(estudiante_libreta,carrera_id,fecha_insc,fecha_grad) VALUES (100039,4,'2004-07-30 17:31:00','2007-04-26 17:31:00');
INSERT INTO estudiante_carrera(estudiante_libreta,carrera_id,fecha_insc,fecha_grad) VALUES (100039,17,'2001-09-16 08:38:00',NULL);
INSERT INTO estudiante_carrera(estudiante_libreta,carrera_id,fecha_insc,fecha_grad) VALUES (100039,1,'2006-09-07 05:04:00','2009-06-03 05:04:00');
INSERT INTO estudiante_carrera(estudiante_libreta,carrera_id,fecha_insc,fecha_grad) VALUES (100039,15,'2005-04-23 10:46:00','2010-04-14 21:50:00');
INSERT INTO estudiante_carrera(estudiante_libreta,carrera_id,fecha_insc,fecha_grad) VALUES (100040,7,'2000-09-25 16:02:00','2005-03-12 23:09:00');
INSERT INTO estudiante_carrera(estudiante_libreta,carrera_id,fecha_insc,fecha_grad) VALUES (100042,6,'2003-03-22 03:49:00','2007-04-09 00:46:00');
INSERT INTO estudiante_carrera(estudiante_libreta,carrera_id,fecha_insc,fecha_grad) VALUES (100042,7,'2003-11-16 23:38:00','2006-08-12 23:38:00');
INSERT INTO estudiante_carrera(estudiante_libreta,carrera_id,fecha_insc,fecha_grad) VALUES (100045,2,'2004-09-23 14:12:00','2007-06-20 14:12:00');
INSERT INTO estudiante_carrera(estudiante_libreta,carrera_id,fecha_insc,fecha_grad) VALUES (100047,17,'2004-07-10 00:05:00','2007-04-06 00:05:00');
INSERT INTO estudiante_carrera(estudiante_libreta,carrera_id,fecha_insc,fecha_grad) VALUES (100049,7,'2009-09-29 14:21:00','2012-06-25 14:21:00');
INSERT INTO estudiante_carrera(estudiante_libreta,carrera_id,fecha_insc,fecha_grad) VALUES (100050,12,'2005-02-03 07:51:00','2009-08-12 07:17:00');
INSERT INTO estudiante_carrera(estudiante_libreta,carrera_id,fecha_insc,fecha_grad) VALUES (100051,4,'2005-03-23 04:28:00','2010-01-14 19:02:00');
INSERT INTO estudiante_carrera(estudiante_libreta,carrera_id,fecha_insc,fecha_grad) VALUES (100052,16,'2004-07-05 06:23:00','2007-04-01 06:23:00');
INSERT INTO estudiante_carrera(estudiante_libreta,carrera_id,fecha_insc,fecha_grad) VALUES (100052,6,'2009-03-29 04:35:00','2012-10-26 22:17:00');
INSERT INTO estudiante_carrera(estudiante_libreta,carrera_id,fecha_insc,fecha_grad) VALUES (100053,12,'2002-05-15 01:07:00',NULL);
INSERT INTO estudiante_carrera(estudiante_libreta,carrera_id,fecha_insc,fecha_grad) VALUES (100054,14,'2005-07-17 09:33:00','2008-04-12 09:33:00');
INSERT INTO estudiante_carrera(estudiante_libreta,carrera_id,fecha_insc,fecha_grad) VALUES (100056,8,'2001-03-03 10:42:00','2003-11-28 10:42:00');
INSERT INTO estudiante_carrera(estudiante_libreta,carrera_id,fecha_insc,fecha_grad) VALUES (100057,1,'2004-10-27 18:36:00',NULL);
INSERT INTO estudiante_carrera(estudiante_libreta,carrera_id,fecha_insc,fecha_grad) VALUES (100057,10,'2010-05-18 17:59:00',NULL);
INSERT INTO estudiante_carrera(estudiante_libreta,carrera_id,fecha_insc,fecha_grad) VALUES (100058,6,'2002-01-22 01:05:00','2004-10-18 01:05:00');
INSERT INTO estudiante_carrera(estudiante_libreta,carrera_id,fecha_insc,fecha_grad) VALUES (100058,19,'2010-06-06 19:34:00',NULL);
INSERT INTO estudiante_carrera(estudiante_libreta,carrera_id,fecha_insc,fecha_grad) VALUES (100059,9,'2010-01-08 13:06:00',NULL);
INSERT INTO estudiante_carrera(estudiante_libreta,carrera_id,fecha_insc,fecha_grad) VALUES (100059,1,'2004-09-12 00:36:00','2007-06-09 00:36:00');
INSERT INTO estudiante_carrera(estudiante_libreta,carrera_id,fecha_insc,fecha_grad) VALUES (100059,3,'2006-11-21 04:35:00',NULL);
INSERT INTO estudiante_carrera(estudiante_libreta,carrera_id,fecha_insc,fecha_grad) VALUES (100060,2,'2001-02-11 02:37:00','2005-05-11 21:40:00');
INSERT INTO estudiante_carrera(estudiante_libreta,carrera_id,fecha_insc,fecha_grad) VALUES (100060,1,'2000-09-24 11:29:00',NULL);
INSERT INTO estudiante_carrera(estudiante_libreta,carrera_id,fecha_insc,fecha_grad) VALUES (100060,10,'2003-10-13 08:43:00','2006-07-09 08:43:00');
INSERT INTO estudiante_carrera(estudiante_libreta,carrera_id,fecha_insc,fecha_grad) VALUES (100061,2,'2002-09-06 18:36:00','2005-10-13 07:30:00');
INSERT INTO estudiante_carrera(estudiante_libreta,carrera_id,fecha_insc,fecha_grad) VALUES (100061,16,'2002-06-01 02:41:00','2005-02-25 02:41:00');
INSERT INTO estudiante_carrera(estudiante_libreta,carrera_id,fecha_insc,fecha_grad) VALUES (100063,4,'2006-01-25 22:25:00','2008-10-21 22:25:00');
INSERT INTO estudiante_carrera(estudiante_libreta,carrera_id,fecha_insc,fecha_grad) VALUES (100066,20,'2004-02-23 11:52:00','2006-11-19 11:52:00');
INSERT INTO estudiante_carrera(estudiante_libreta,carrera_id,fecha_insc,fecha_grad) VALUES (100068,20,'2007-10-14 05:51:00',NULL);
INSERT INTO estudiante_carrera(estudiante_libreta,carrera_id,fecha_insc,fecha_grad) VALUES (100070,18,'2007-06-06 12:47:00',NULL);
INSERT INTO estudiante_carrera(estudiante_libreta,carrera_id,fecha_insc,fecha_grad) VALUES (100070,3,'2003-11-21 09:46:00','2006-08-17 09:46:00');
INSERT INTO estudiante_carrera(estudiante_libreta,carrera_id,fecha_insc,fecha_grad) VALUES (100073,8,'2004-05-23 09:04:00','2007-02-17 09:04:00');
INSERT INTO estudiante_carrera(estudiante_libreta,carrera_id,fecha_insc,fecha_grad) VALUES (100074,17,'2009-09-06 13:40:00',NULL);
INSERT INTO estudiante_carrera(estudiante_libreta,carrera_id,fecha_insc,fecha_grad) VALUES (100074,2,'2009-05-17 04:46:00',NULL);
INSERT INTO estudiante_carrera(estudiante_libreta,carrera_id,fecha_insc,fecha_grad) VALUES (100076,3,'2004-12-29 07:15:00','2007-09-25 07:15:00');
INSERT INTO estudiante_carrera(estudiante_libreta,carrera_id,fecha_insc,fecha_grad) VALUES (100077,20,'2001-01-24 12:16:00','2004-04-29 21:33:00');
INSERT INTO estudiante_carrera(estudiante_libreta,carrera_id,fecha_insc,fecha_grad) VALUES (100078,15,'2000-11-10 01:21:00',NULL);
INSERT INTO estudiante_carrera(estudiante_libreta,carrera_id,fecha_insc,fecha_grad) VALUES (100079,7,'2003-10-29 11:26:00','2006-09-12 08:20:00');
INSERT INTO estudiante_carrera(estudiante_libreta,carrera_id,fecha_insc,fecha_grad) VALUES (100080,20,'2003-08-10 14:23:00','2006-05-06 14:23:00');
INSERT INTO estudiante_carrera(estudiante_libreta,carrera_id,fecha_insc,fecha_grad) VALUES (100080,11,'2009-11-26 14:33:00',NULL);
INSERT INTO estudiante_carrera(estudiante_libreta,carrera_id,fecha_insc,fecha_grad) VALUES (100083,15,'2007-09-08 06:38:00','2010-06-04 06:38:00');
INSERT INTO estudiante_carrera(estudiante_libreta,carrera_id,fecha_insc,fecha_grad) VALUES (100083,20,'2003-10-01 20:51:00','2008-05-12 13:20:00');
INSERT INTO estudiante_carrera(estudiante_libreta,carrera_id,fecha_insc,fecha_grad) VALUES (100083,18,'2002-12-02 21:47:00','2005-08-28 21:47:00');
INSERT INTO estudiante_carrera(estudiante_libreta,carrera_id,fecha_insc,fecha_grad) VALUES (100083,3,'2006-09-30 08:31:00','2010-12-15 21:58:00');
INSERT INTO estudiante_carrera(estudiante_libreta,carrera_id,fecha_insc,fecha_grad) VALUES (100083,12,'2007-01-15 06:53:00','2009-10-11 06:53:00');
INSERT INTO estudiante_carrera(estudiante_libreta,carrera_id,fecha_insc,fecha_grad) VALUES (100085,16,'2008-09-01 15:43:00','2011-05-29 15:43:00');
INSERT INTO estudiante_carrera(estudiante_libreta,carrera_id,fecha_insc,fecha_grad) VALUES (100086,7,'2003-03-22 06:34:00',NULL);
INSERT INTO estudiante_carrera(estudiante_libreta,carrera_id,fecha_insc,fecha_grad) VALUES (100086,18,'2008-02-09 10:34:00','2011-01-02 04:16:00');
INSERT INTO estudiante_carrera(estudiante_libreta,carrera_id,fecha_insc,fecha_grad) VALUES (100086,3,'2004-09-19 08:55:00',NULL);
INSERT INTO estudiante_carrera(estudiante_libreta,carrera_id,fecha_insc,fecha_grad) VALUES (100086,4,'2005-12-18 16:37:00','2008-09-13 16:37:00');
INSERT INTO estudiante_carrera(estudiante_libreta,carrera_id,fecha_insc,fecha_grad) VALUES (100087,20,'2010-05-16 15:07:00',NULL);
INSERT INTO estudiante_carrera(estudiante_libreta,carrera_id,fecha_insc,fecha_grad) VALUES (100090,11,'2004-07-03 20:35:00',NULL);
INSERT INTO estudiante_carrera(estudiante_libreta,carrera_id,fecha_insc,fecha_grad) VALUES (100090,5,'2004-03-20 19:00:00','2006-12-15 19:00:00');
INSERT INTO estudiante_carrera(estudiante_libreta,carrera_id,fecha_insc,fecha_grad) VALUES (100091,14,'2001-04-26 01:11:00',NULL);
INSERT INTO estudiante_carrera(estudiante_libreta,carrera_id,fecha_insc,fecha_grad) VALUES (100098,16,'2001-11-04 09:13:00','2004-07-31 09:13:00');
INSERT INTO estudiante_carrera(estudiante_libreta,carrera_id,fecha_insc,fecha_grad) VALUES (100099,18,'2002-08-13 03:05:00','2005-08-27 06:22:00');
INSERT INTO estudiante_carrera(estudiante_libreta,carrera_id,fecha_insc,fecha_grad) VALUES (100099,6,'2006-03-26 15:22:00','2008-12-20 15:22:00');
INSERT INTO estudiante_carrera(estudiante_libreta,carrera_id,fecha_insc,fecha_grad) VALUES (100100,19,'2000-10-12 17:11:00',NULL);
INSERT INTO estudiante_carrera(estudiante_libreta,carrera_id,fecha_insc,fecha_grad) VALUES (100100,8,'2000-11-19 16:37:00','2004-07-18 00:49:00');
INSERT INTO estudiante_carrera(estudiante_libreta,carrera_id,fecha_insc,fecha_grad) VALUES (100102,19,'2004-01-12 14:41:00','2007-03-18 02:46:00');
INSERT INTO estudiante_carrera(estudiante_libreta,carrera_id,fecha_insc,fecha_grad) VALUES (100102,14,'2001-11-18 12:53:00',NULL);
INSERT INTO estudiante_carrera(estudiante_libreta,carrera_id,fecha_insc,fecha_grad) VALUES (100103,17,'2001-02-28 23:10:00',NULL);
INSERT INTO estudiante_carrera(estudiante_libreta,carrera_id,fecha_insc,fecha_grad) VALUES (100104,13,'2006-04-15 07:35:00','2009-01-09 07:35:00');
INSERT INTO estudiante_carrera(estudiante_libreta,carrera_id,fecha_insc,fecha_grad) VALUES (100105,9,'2007-09-24 05:58:00',NULL);
INSERT INTO estudiante_carrera(estudiante_libreta,carrera_id,fecha_insc,fecha_grad) VALUES (100105,8,'2002-10-21 14:07:00',NULL);
INSERT INTO estudiante_carrera(estudiante_libreta,carrera_id,fecha_insc,fecha_grad) VALUES (100106,5,'2006-10-06 23:14:00','2009-07-02 23:14:00');
INSERT INTO estudiante_carrera(estudiante_libreta,carrera_id,fecha_insc,fecha_grad) VALUES (100109,11,'2006-01-06 10:46:00','2010-08-09 13:34:00');
INSERT INTO estudiante_carrera(estudiante_libreta,carrera_id,fecha_insc,fecha_grad) VALUES (100110,19,'2000-12-12 11:33:00',NULL);
INSERT INTO estudiante_carrera(estudiante_libreta,carrera_id,fecha_insc,fecha_grad) VALUES (100112,8,'2005-10-19 17:37:00',NULL);
INSERT INTO estudiante_carrera(estudiante_libreta,carrera_id,fecha_insc,fecha_grad) VALUES (100113,6,'2004-09-06 19:25:00','2007-12-01 18:58:00');
INSERT INTO estudiante_carrera(estudiante_libreta,carrera_id,fecha_insc,fecha_grad) VALUES (100115,12,'2006-12-17 19:24:00','2009-09-12 19:24:00');
INSERT INTO estudiante_carrera(estudiante_libreta,carrera_id,fecha_insc,fecha_grad) VALUES (100115,13,'2001-05-11 06:58:00','2004-02-05 06:58:00');
INSERT INTO estudiante_carrera(estudiante_libreta,carrera_id,fecha_insc,fecha_grad) VALUES (100117,7,'2003-10-21 15:36:00','2006-10-03 19:40:00');
INSERT INTO estudiante_carrera(estudiante_libreta,carrera_id,fecha_insc,fecha_grad) VALUES (100121,9,'2005-11-12 11:37:00','2008-08-08 11:37:00');
INSERT INTO estudiante_carrera(estudiante_libreta,carrera_id,fecha_insc,fecha_grad) VALUES (100122,1,'2001-01-22 01:25:00',NULL);
INSERT INTO estudiante_carrera(estudiante_libreta,carrera_id,fecha_insc,fecha_grad) VALUES (100123,14,'2003-03-21 23:09:00','2008-02-13 21:07:00');
INSERT INTO estudiante_carrera(estudiante_libreta,carrera_id,fecha_insc,fecha_grad) VALUES (100124,18,'2005-10-29 08:04:00','2008-07-25 08:04:00');
INSERT INTO estudiante_carrera(estudiante_libreta,carrera_id,fecha_insc,fecha_grad) VALUES (100125,12,'2006-09-28 15:14:00','2009-06-24 15:14:00');
INSERT INTO estudiante_carrera(estudiante_libreta,carrera_id,fecha_insc,fecha_grad) VALUES (100126,11,'2003-12-07 22:46:00','2007-08-14 13:27:00');
INSERT INTO estudiante_carrera(estudiante_libreta,carrera_id,fecha_insc,fecha_grad) VALUES (100127,17,'2008-01-22 20:41:00','2011-12-15 12:12:00');
INSERT INTO estudiante_carrera(estudiante_libreta,carrera_id,fecha_insc,fecha_grad) VALUES (100128,15,'2001-11-05 05:47:00',NULL);
INSERT INTO estudiante_carrera(estudiante_libreta,carrera_id,fecha_insc,fecha_grad) VALUES (100128,11,'2001-01-18 18:14:00','2004-01-02 10:29:00');
INSERT INTO estudiante_carrera(estudiante_libreta,carrera_id,fecha_insc,fecha_grad) VALUES (100128,16,'2003-11-02 20:40:00','2006-07-29 20:40:00');
INSERT INTO estudiante_carrera(estudiante_libreta,carrera_id,fecha_insc,fecha_grad) VALUES (100129,18,'2006-01-20 14:01:00',NULL);
INSERT INTO estudiante_carrera(estudiante_libreta,carrera_id,fecha_insc,fecha_grad) VALUES (100129,20,'2010-03-18 17:19:00','2012-12-12 17:19:00');
INSERT INTO estudiante_carrera(estudiante_libreta,carrera_id,fecha_insc,fecha_grad) VALUES (100129,3,'2009-05-04 17:07:00','2013-11-15 04:54:00');
INSERT INTO estudiante_carrera(estudiante_libreta,carrera_id,fecha_insc,fecha_grad) VALUES (100131,16,'2003-11-13 08:57:00','2006-08-09 08:57:00');
INSERT INTO estudiante_carrera(estudiante_libreta,carrera_id,fecha_insc,fecha_grad) VALUES (100133,4,'2007-06-21 15:43:00','2010-03-17 15:43:00');
INSERT INTO estudiante_carrera(estudiante_libreta,carrera_id,fecha_insc,fecha_grad) VALUES (100134,11,'2002-10-13 17:39:00','2007-01-31 08:30:00');
INSERT INTO estudiante_carrera(estudiante_libreta,carrera_id,fecha_insc,fecha_grad) VALUES (100135,5,'2009-01-22 19:59:00',NULL);
INSERT INTO estudiante_carrera(estudiante_libreta,carrera_id,fecha_insc,fecha_grad) VALUES (100136,17,'2007-10-29 21:11:00','2010-07-25 21:11:00');
INSERT INTO estudiante_carrera(estudiante_libreta,carrera_id,fecha_insc,fecha_grad) VALUES (100138,20,'2004-01-07 04:17:00',NULL);
INSERT INTO estudiante_carrera(estudiante_libreta,carrera_id,fecha_insc,fecha_grad) VALUES (100139,4,'2008-08-14 12:56:00','2012-12-01 06:54:00');
INSERT INTO estudiante_carrera(estudiante_libreta,carrera_id,fecha_insc,fecha_grad) VALUES (100141,6,'2005-12-29 11:32:00','2008-09-24 11:32:00');
INSERT INTO estudiante_carrera(estudiante_libreta,carrera_id,fecha_insc,fecha_grad) VALUES (100143,11,'2000-12-05 19:34:00','2004-10-07 11:12:00');
INSERT INTO estudiante_carrera(estudiante_libreta,carrera_id,fecha_insc,fecha_grad) VALUES (100144,12,'2007-03-22 03:31:00','2011-04-14 02:39:00');
INSERT INTO estudiante_carrera(estudiante_libreta,carrera_id,fecha_insc,fecha_grad) VALUES (100144,17,'2006-07-02 08:48:00','2009-03-28 08:48:00');
INSERT INTO estudiante_carrera(estudiante_libreta,carrera_id,fecha_insc,fecha_grad) VALUES (100145,9,'2006-01-14 17:48:00',NULL);
INSERT INTO estudiante_carrera(estudiante_libreta,carrera_id,fecha_insc,fecha_grad) VALUES (100145,2,'2006-06-28 14:48:00','2009-03-24 14:48:00');
INSERT INTO estudiante_carrera(estudiante_libreta,carrera_id,fecha_insc,fecha_grad) VALUES (100146,11,'2005-11-09 04:24:00','2008-10-29 13:21:00');
INSERT INTO estudiante_carrera(estudiante_libreta,carrera_id,fecha_insc,fecha_grad) VALUES (100146,15,'2009-09-14 07:20:00','2013-05-13 04:08:00');
INSERT INTO estudiante_carrera(estudiante_libreta,carrera_id,fecha_insc,fecha_grad) VALUES (100147,16,'2006-06-07 08:03:00',NULL);
INSERT INTO estudiante_carrera(estudiante_libreta,carrera_id,fecha_insc,fecha_grad) VALUES (100148,10,'2008-06-08 06:55:00',NULL);
INSERT INTO estudiante_carrera(estudiante_libreta,carrera_id,fecha_insc,fecha_grad) VALUES (100149,6,'2004-03-14 06:54:00','2007-07-01 06:15:00');
INSERT INTO estudiante_carrera(estudiante_libreta,carrera_id,fecha_insc,fecha_grad) VALUES (100150,12,'2001-04-23 19:02:00',NULL);
INSERT INTO estudiante_carrera(estudiante_libreta,carrera_id,fecha_insc,fecha_grad) VALUES (100150,14,'2006-01-29 08:43:00','2008-10-25 08:43:00');
INSERT INTO estudiante_carrera(estudiante_libreta,carrera_id,fecha_insc,fecha_grad) VALUES (100151,9,'2006-04-10 06:36:00','2009-03-05 03:06:00');
INSERT INTO estudiante_carrera(estudiante_libreta,carrera_id,fecha_insc,fecha_grad) VALUES (100152,15,'2002-11-04 16:18:00',NULL);
INSERT INTO estudiante_carrera(estudiante_libreta,carrera_id,fecha_insc,fecha_grad) VALUES (100152,5,'2007-01-13 05:39:00','2009-10-09 05:39:00');
INSERT INTO estudiante_carrera(estudiante_libreta,carrera_id,fecha_insc,fecha_grad) VALUES (100153,7,'2003-09-19 08:48:00','2006-06-15 08:48:00');
INSERT INTO estudiante_carrera(estudiante_libreta,carrera_id,fecha_insc,fecha_grad) VALUES (100154,6,'2008-08-01 18:47:00',NULL);
INSERT INTO estudiante_carrera(estudiante_libreta,carrera_id,fecha_insc,fecha_grad) VALUES (100155,20,'2007-10-13 23:46:00','2010-08-20 16:30:00');
INSERT INTO estudiante_carrera(estudiante_libreta,carrera_id,fecha_insc,fecha_grad) VALUES (100156,12,'2010-05-12 17:18:00',NULL);
INSERT INTO estudiante_carrera(estudiante_libreta,carrera_id,fecha_insc,fecha_grad) VALUES (100156,5,'2006-06-17 15:29:00','2009-03-13 15:29:00');
INSERT INTO estudiante_carrera(estudiante_libreta,carrera_id,fecha_insc,fecha_grad) VALUES (100156,16,'2008-05-28 14:04:00',NULL);
INSERT INTO estudiante_carrera(estudiante_libreta,carrera_id,fecha_insc,fecha_grad) VALUES (100157,12,'2003-07-10 12:45:00','2006-04-05 12:45:00');
INSERT INTO estudiante_carrera(estudiante_libreta,carrera_id,fecha_insc,fecha_grad) VALUES (100158,1,'2001-06-12 10:25:00','2005-10-06 04:34:00');
INSERT INTO estudiante_carrera(estudiante_libreta,carrera_id,fecha_insc,fecha_grad) VALUES (100158,15,'2003-04-08 07:09:00','2006-01-02 07:09:00');
INSERT INTO estudiante_carrera(estudiante_libreta,carrera_id,fecha_insc,fecha_grad) VALUES (100158,20,'2002-06-03 06:48:00',NULL);
INSERT INTO estudiante_carrera(estudiante_libreta,carrera_id,fecha_insc,fecha_grad) VALUES (100163,19,'2002-06-08 18:58:00',NULL);
INSERT INTO estudiante_carrera(estudiante_libreta,carrera_id,fecha_insc,fecha_grad) VALUES (100163,18,'2004-07-27 16:16:00','2007-11-08 12:00:00');
INSERT INTO estudiante_carrera(estudiante_libreta,carrera_id,fecha_insc,fecha_grad) VALUES (100167,16,'2002-10-25 22:14:00','2005-07-21 22:14:00');
INSERT INTO estudiante_carrera(estudiante_libreta,carrera_id,fecha_insc,fecha_grad) VALUES (100168,6,'2005-01-10 15:03:00','2008-07-13 16:19:00');
INSERT INTO estudiante_carrera(estudiante_libreta,carrera_id,fecha_insc,fecha_grad) VALUES (100170,10,'2004-09-23 02:31:00',NULL);
INSERT INTO estudiante_carrera(estudiante_libreta,carrera_id,fecha_insc,fecha_grad) VALUES (100170,3,'2004-11-23 08:15:00','2008-06-12 19:07:00');
INSERT INTO estudiante_carrera(estudiante_libreta,carrera_id,fecha_insc,fecha_grad) VALUES (100170,14,'2006-02-05 13:01:00',NULL);
INSERT INTO estudiante_carrera(estudiante_libreta,carrera_id,fecha_insc,fecha_grad) VALUES (100171,1,'2006-12-21 05:11:00','2009-09-16 05:11:00');
INSERT INTO estudiante_carrera(estudiante_libreta,carrera_id,fecha_insc,fecha_grad) VALUES (100173,7,'2005-10-23 12:37:00','2009-07-07 05:51:00');
INSERT INTO estudiante_carrera(estudiante_libreta,carrera_id,fecha_insc,fecha_grad) VALUES (100174,5,'2003-11-24 06:29:00','2006-08-20 06:29:00');
INSERT INTO estudiante_carrera(estudiante_libreta,carrera_id,fecha_insc,fecha_grad) VALUES (100178,3,'2004-09-26 12:44:00','2007-09-21 11:26:00');
INSERT INTO estudiante_carrera(estudiante_libreta,carrera_id,fecha_insc,fecha_grad) VALUES (100178,13,'2002-07-19 16:18:00','2007-04-22 00:27:00');
INSERT INTO estudiante_carrera(estudiante_libreta,carrera_id,fecha_insc,fecha_grad) VALUES (100179,7,'2004-12-05 10:40:00','2007-09-01 10:40:00');
INSERT INTO estudiante_carrera(estudiante_libreta,carrera_id,fecha_insc,fecha_grad) VALUES (100179,12,'2004-12-23 13:47:00',NULL);
INSERT INTO estudiante_carrera(estudiante_libreta,carrera_id,fecha_insc,fecha_grad) VALUES (100179,8,'2008-07-23 14:39:00','2011-04-19 14:39:00');
INSERT INTO estudiante_carrera(estudiante_libreta,carrera_id,fecha_insc,fecha_grad) VALUES (100180,5,'2004-09-25 02:54:00','2008-05-09 20:39:00');
INSERT INTO estudiante_carrera(estudiante_libreta,carrera_id,fecha_insc,fecha_grad) VALUES (100181,14,'2008-12-04 21:11:00','2011-08-31 21:11:00');
INSERT INTO estudiante_carrera(estudiante_libreta,carrera_id,fecha_insc,fecha_grad) VALUES (100181,10,'2002-07-07 10:49:00','2007-06-03 01:10:00');
INSERT INTO estudiante_carrera(estudiante_libreta,carrera_id,fecha_insc,fecha_grad) VALUES (100184,5,'2009-01-11 01:27:00','2011-10-08 01:27:00');
INSERT INTO estudiante_carrera(estudiante_libreta,carrera_id,fecha_insc,fecha_grad) VALUES (100184,7,'2001-06-17 13:23:00','2006-05-05 21:53:00');
INSERT INTO estudiante_carrera(estudiante_libreta,carrera_id,fecha_insc,fecha_grad) VALUES (100185,17,'2001-02-20 00:12:00','2003-12-19 00:23:00');
INSERT INTO estudiante_carrera(estudiante_libreta,carrera_id,fecha_insc,fecha_grad) VALUES (100188,19,'2008-05-16 09:31:00','2011-11-07 09:51:00');
INSERT INTO estudiante_carrera(estudiante_libreta,carrera_id,fecha_insc,fecha_grad) VALUES (100189,7,'2008-05-26 17:37:00',NULL);
INSERT INTO estudiante_carrera(estudiante_libreta,carrera_id,fecha_insc,fecha_grad) VALUES (100189,3,'2010-09-04 15:40:00',NULL);
INSERT INTO estudiante_carrera(estudiante_libreta,carrera_id,fecha_insc,fecha_grad) VALUES (100190,10,'2000-12-12 00:49:00','2004-01-05 14:54:00');
INSERT INTO estudiante_carrera(estudiante_libreta,carrera_id,fecha_insc,fecha_grad) VALUES (100190,16,'2004-05-11 09:40:00',NULL);
INSERT INTO estudiante_carrera(estudiante_libreta,carrera_id,fecha_insc,fecha_grad) VALUES (100191,13,'2001-07-18 10:15:00',NULL);
INSERT INTO estudiante_carrera(estudiante_libreta,carrera_id,fecha_insc,fecha_grad) VALUES (100191,1,'2004-12-11 08:04:00','2008-10-27 11:38:00');
INSERT INTO estudiante_carrera(estudiante_libreta,carrera_id,fecha_insc,fecha_grad) VALUES (100192,6,'2001-09-26 03:30:00','2004-06-22 03:30:00');
INSERT INTO estudiante_carrera(estudiante_libreta,carrera_id,fecha_insc,fecha_grad) VALUES (100194,20,'2002-06-26 05:49:00','2005-03-22 05:49:00');
INSERT INTO estudiante_carrera(estudiante_libreta,carrera_id,fecha_insc,fecha_grad) VALUES (100195,20,'2009-05-24 18:34:00',NULL);
INSERT INTO estudiante_carrera(estudiante_libreta,carrera_id,fecha_insc,fecha_grad) VALUES (100195,16,'2007-04-10 01:43:00','2010-01-04 01:43:00');
INSERT INTO estudiante_carrera(estudiante_libreta,carrera_id,fecha_insc,fecha_grad) VALUES (100196,2,'2009-04-13 06:34:00','2012-12-14 09:09:00');
INSERT INTO estudiante_carrera(estudiante_libreta,carrera_id,fecha_insc,fecha_grad) VALUES (100196,12,'2003-10-10 17:13:00','2006-07-06 17:13:00');
INSERT INTO estudiante_carrera(estudiante_libreta,carrera_id,fecha_insc,fecha_grad) VALUES (100197,16,'2004-08-29 15:58:00','2009-02-03 18:17:00');
INSERT INTO estudiante_carrera(estudiante_libreta,carrera_id,fecha_insc,fecha_grad) VALUES (100198,12,'2007-12-12 16:17:00','2010-09-07 16:17:00');
INSERT INTO estudiante_carrera(estudiante_libreta,carrera_id,fecha_insc,fecha_grad) VALUES (100198,1,'2010-07-19 15:54:00',NULL);
INSERT INTO estudiante_carrera(estudiante_libreta,carrera_id,fecha_insc,fecha_grad) VALUES (100198,7,'2008-09-04 09:53:00',NULL);
INSERT INTO estudiante_carrera(estudiante_libreta,carrera_id,fecha_insc,fecha_grad) VALUES (100198,19,'2009-04-12 08:06:00','2012-01-07 08:06:00');
INSERT INTO estudiante_carrera(estudiante_libreta,carrera_id,fecha_insc,fecha_grad) VALUES (100198,9,'2001-06-18 12:20:00','2004-03-14 12:20:00');
INSERT INTO estudiante_carrera(estudiante_libreta,carrera_id,fecha_insc,fecha_grad) VALUES (100198,8,'2009-02-01 20:45:00',NULL);