estudiante_id,carrera_id,fecha_insc,fecha_grad
100837,7,2004-01-20 21:26:07,
100983,18,2001-02-11 18:53:17,2015-05-28 08:59:42
100430,7,2010-02-01 08:55:58,2012-12-09 08:24:03
100647,11,2010-07-28 23:04:26,2016-10-17 12:58:01
100714,14,2001-06-29 01:50:45,2014-05-18 16:08:51
100459,14,2004-02-29 10:05:32,
100964,16,2009-11-20 08:01:58,2021-02-19 15:41:12
100027,13,2003-04-17 00:35:20,2017-10-30 01:28:39
100011,20,2008-07-26 07:11:58,2012-04-09 15:04:49
100542,3,2005-02-19 01:34:45,2012-03-01 18:24:35
100776,4,2001-07-09 12:43:07,
100942,13,2004-05-05 05:26:34,
100941,12,2010-02-18 23:08:53,2012-01-10 17:58:03
100882,18,2002-10-11 02:50:15,2015-08-17 12:42:21
100454,16,2007-07-31 23:01:22,
100918,14,2005-04-17 06:27:14,2014-01-06 10:00:45
100643,11,2001-03-09 15:42:37,2022-10-23 14:48:54
100747,5,2003-08-22 14:25:18,2020-04-28 08:26:26
100376,18,2000-10-11 21:36:10,2022-02-13 14:12:03
100290,19,2009-02-07 09:46:03,
100553,14,2005-09-24 02:09:37,2014-01-03 12:15:27
100026,3,2003-07-24 19:12:54,
100109,11,2006-01-06 10:46:52,2022-05-20 05:00:15
100396,2,2004-09-26 02:31:05,2018-01-03 20:14:37
100050,12,2005-02-03 07:51:54,2016-02-19 12:49:13
100995,18,2009-01-22 22:29:27,2013-05-02 04:45:49
100080,20,2003-08-10 14:23:56,
100822,16,2006-07-08 07:28:42,2015-05-01 12:39:59
100807,19,2005-06-15 04:47:17,2016-02-29 03:11:31
100131,16,2003-11-13 08:57:35,2023-07-21 08:33:23
100784,7,2004-03-28 11:28:33,2020-02-22 09:01:32
100452,5,2006-05-17 17:57:36,2016-10-29 01:28:01
100465,5,2005-07-25 05:35:08,2012-05-21 21:11:05
100616,14,2006-01-05 20:44:22,2017-04-08 10:20:35
100760,17,2006-10-26 03:22:40,2020-06-17 12:52:37
100173,7,2005-10-23 12:37:35,2019-12-25 08:28:02
100393,20,2005-04-25 12:04:13,2012-03-04 11:24:17
100925,3,2006-04-28 00:56:28,2023-05-07 16:18:23
100170,10,2004-09-23 02:31:27,2012-09-30 02:49:31
100316,1,2002-04-28 09:23:52,
100624,8,2002-01-03 23:00:31,2016-01-06 15:53:54
100458,8,2003-06-27 11:33:40,2014-04-26 00:13:52
100710,1,2002-10-11 11:51:50,
100012,16,2006-05-23 13:49:53,
100170,3,2004-11-23 08:15:58,2012-06-20 10:13:42
100854,20,2006-08-15 23:47:46,2014-09-22 03:09:18
100363,1,2006-08-03 23:31:32,2016-05-10 04:33:05
100307,11,2003-01-21 09:23:53,2012-12-27 00:13:16
100443,8,2007-05-20 21:19:09,
100233,16,2001-08-03 10:15:33,2021-12-22 08:47:24
100181,14,2008-12-04 21:11:17,2016-12-15 22:19:21
100895,4,2000-09-22 20:09:11,2014-01-23 23:50:15
100697,13,2008-07-02 21:15:39,2021-11-23 06:11:43
100396,11,2007-07-05 23:56:39,
100343,2,2001-06-02 18:40:31,2021-12-11 10:43:10
100760,16,2002-11-29 09:41:35,2017-01-03 08:54:47
100739,17,2001-01-03 06:09:52,2018-03-31 11:14:36
100498,6,2009-12-18 15:30:39,2022-07-20 01:02:35
100361,9,2008-12-01 00:34:11,2017-06-14 05:18:31
100252,18,2009-11-23 06:53:39,2023-05-20 22:32:11
100765,1,2003-05-09 12:29:27,
100421,17,2000-10-20 12:47:02,
100819,13,2005-11-21 14:03:04,2017-07-20 10:35:38
100490,20,2005-05-29 22:41:50,
100570,4,2001-07-10 18:21:08,2019-06-01 11:41:50
100515,5,2009-04-25 14:51:42,
100854,17,2003-07-30 04:31:26,2016-01-27 16:01:10
100867,10,2002-05-31 04:20:44,2020-08-13 12:53:41
100236,8,2005-04-01 12:43:45,2013-07-08 09:31:22
100102,19,2004-01-12 14:41:58,2016-04-06 09:06:28
100706,20,2010-08-07 21:26:22,2019-11-02 00:26:45
100561,4,2008-05-14 16:25:53,
100368,20,2003-09-28 08:32:02,2012-06-22 00:23:28
100694,5,2001-11-23 10:25:45,2017-07-18 15:05:36
100451,6,2003-10-05 04:31:47,2019-06-29 21:17:26
100451,13,2009-12-04 14:41:24,
100760,14,2004-09-14 01:50:56,2019-09-18 08:40:42
100788,1,2004-05-02 02:01:30,2016-12-14 10:34:58
100704,20,2007-11-24 19:16:58,2013-10-14 15:32:09
100855,20,2007-07-08 01:38:53,2016-11-01 17:46:36
100318,5,2010-07-16 08:47:07,
100006,9,2009-01-17 02:53:40,2015-11-29 12:06:26
100381,16,2002-02-26 17:44:39,2020-12-22 18:56:33
100154,6,2008-08-01 18:47:59,2016-10-10 04:59:48
100767,14,2006-05-22 07:59:15,
100052,16,2004-07-05 06:23:16,2020-11-15 18:12:49
100308,2,2001-02-13 08:08:19,2019-11-05 07:24:58
100860,7,2007-04-28 00:10:55,2022-06-09 05:36:45
100682,17,2008-07-14 16:20:53,
100866,5,2009-07-25 10:41:12,2022-10-23 23:43:02
100251,8,2002-05-07 20:00:44,2022-12-20 11:33:11
100847,18,2004-09-18 09:39:16,
100083,15,2007-09-08 06:38:42,
100007,11,2010-05-05 14:04:28,2018-06-07 10:20:25
100112,8,2005-10-19 17:37:40,2019-05-14 13:10:05
100948,8,2002-09-14 12:51:41,
100416,13,2002-02-25 02:42:01,
100171,1,2006-12-21 05:11:38,2018-07-06 09:17:57
100211,19,2004-03-01 10:17:38,2020-02-26 01:55:06
100716,6,2000-12-10 23:14:43,2019-08-07 10:17:23
100797,15,2004-02-23 09:05:30,2014-12-14 04:00:10
100605,15,2007-08-09 05:59:37,2014-05-03 13:05:11
100742,20,2001-03-24 15:14:19,2017-01-16 20:08:55
100702,10,2009-06-02 04:33:47,
100414,19,2009-11-02 16:33:28,
100552,20,2007-07-21 13:26:02,
100589,10,2001-01-08 08:10:07,2021-08-24 22:14:28
100976,3,2000-09-20 01:18:38,
100225,10,2004-03-24 17:30:18,2021-01-12 17:08:46
100104,13,2006-04-15 07:35:03,2016-02-20 14:50:16
100665,12,2002-04-11 02:36:25,2021-02-12 15:52:46
100503,13,2007-05-08 06:15:17,2019-06-14 09:34:11
100312,2,2003-03-24 19:16:15,2023-03-21 03:34:39
100443,7,2003-10-22 00:57:53,2014-06-27 20:57:37
100351,17,2005-09-04 04:34:14,2015-11-03 20:38:45
100188,19,2008-05-16 09:31:46,
100083,15,2003-10-01 20:51:25,2013-06-01 08:40:02
100274,1,2006-09-06 23:24:50,2023-05-14 10:19:08
100015,12,2004-07-19 03:30:57,2014-05-06 05:50:52
100801,5,2003-07-21 06:54:04,
100288,2,2001-06-26 20:23:03,2012-10-17 13:49:10
100158,1,2001-06-12 10:25:19,2021-04-02 09:38:24
100492,5,2005-06-21 09:22:38,2017-10-10 11:02:19
100474,4,2001-04-18 23:23:04,2015-03-04 15:12:11
100371,15,2008-05-09 13:47:29,2016-02-04 01:00:17
100820,2,2004-10-29 11:30:29,2017-06-13 10:54:57
100425,6,2006-05-01 20:34:02,2016-08-13 13:55:17
100197,16,2004-08-29 15:58:58,2021-09-22 02:41:06
100287,5,2009-07-13 18:17:40,2014-05-21 18:17:22
100611,7,2007-01-14 12:29:26,2015-09-13 22:47:36
100036,11,2007-05-10 20:35:15,2019-06-29 01:27:07
100868,15,2007-05-31 05:17:29,2014-06-07 10:04:15
100674,7,2007-06-26 20:11:34,
100544,9,2007-11-20 11:58:11,2023-05-16 19:17:31
100903,6,2007-06-11 14:21:33,2014-11-22 19:34:00
100195,20,2009-05-24 18:34:51,
100900,1,2000-10-28 10:01:28,
100011,4,2003-05-01 05:11:44,2013-05-26 07:32:26
100600,16,2003-10-16 09:38:37,
100974,6,2001-09-03 02:21:50,
100912,11,2007-02-21 00:26:23,2021-12-27 07:54:57
100670,16,2008-09-04 23:13:35,
100481,16,2005-11-01 06:57:24,2022-04-06 12:25:54
100724,17,2003-12-30 01:02:01,
100255,15,2006-11-20 05:46:39,2022-12-05 00:41:16
100223,12,2004-05-28 01:57:49,2021-01-18 22:24:37
100437,2,2007-10-07 16:26:40,2019-07-04 09:55:56
100844,20,2007-11-24 00:45:56,
100569,2,2007-06-15 18:35:18,
100691,14,2003-06-11 12:48:59,2012-03-06 07:03:40
100894,19,2001-10-15 11:59:16,2021-03-11 20:55:32
100066,20,2004-02-23 11:52:41,2022-12-26 20:37:41
100146,11,2005-11-09 04:24:24,2016-10-09 03:40:31
100100,19,2000-10-12 17:11:22,2018-09-23 07:02:20
100129,18,2006-01-20 14:01:42,
100156,12,2010-05-12 17:18:39,
100020,11,2008-03-04 06:25:41,
100894,15,2002-09-28 18:47:39,2017-12-15 17:19:56
100846,20,2005-10-29 20:22:24,
100321,12,2003-08-04 02:33:14,2021-02-13 15:00:30
100431,7,2002-04-01 18:29:57,2016-01-30 00:40:47
100732,5,2006-12-12 11:25:18,
100215,17,2005-01-19 15:54:54,2020-12-16 18:41:55
100641,10,2009-01-01 06:11:14,2021-05-06 06:02:39
100558,12,2004-04-02 21:47:55,2018-07-09 13:20:11
100546,5,2003-11-01 16:43:46,2015-03-13 06:50:17
100586,14,2003-05-12 23:59:13,2019-11-29 04:23:30
100235,4,2003-11-14 19:43:34,2021-06-24 07:21:01
100827,17,2004-11-09 05:00:36,
100706,3,2008-05-28 14:33:27,2012-03-05 05:03:34
100816,7,2008-12-21 23:22:32,2016-04-07 23:57:58
100401,7,2001-09-23 01:18:38,2016-04-10 03:31:51
100904,19,2005-12-30 22:17:21,2019-01-16 12:55:37
100261,5,2008-04-12 10:47:44,2011-12-04 20:32:42
100368,9,2010-09-07 01:20:38,2013-05-31 15:42:41
100070,18,2007-06-06 12:47:06,2012-08-11 23:07:25
100522,7,2001-12-03 09:33:37,
100393,6,2010-06-01 15:06:44,
100454,13,2010-06-08 06:17:31,
100205,18,2003-10-28 22:54:35,
100263,9,2010-05-06 13:00:48,2014-08-11 21:04:01
100744,15,2001-05-29 02:44:42,
100285,3,2005-04-01 00:44:01,
100006,13,2003-04-20 19:13:09,2012-01-16 02:59:10
100879,2,2007-11-19 17:39:28,
100834,12,2004-12-17 01:35:47,2020-07-16 18:55:50
100239,14,2010-05-04 14:48:57,
100567,15,2005-03-09 16:18:19,
100150,12,2001-04-23 19:02:31,
100405,19,2003-12-22 07:42:05,
100594,20,2008-09-04 19:33:59,
100234,19,2002-06-27 20:30:29,
100611,13,2001-11-23 21:40:13,2015-06-12 08:25:39
100978,16,2002-12-02 22:05:06,
100876,16,2007-04-19 01:11:27,
100415,12,2002-08-09 16:58:21,2014-12-22 15:15:11
100817,4,2004-10-04 22:03:56,2023-07-31 11:38:21
100063,4,2006-01-25 22:25:21,2015-03-20 18:16:06
100680,6,2010-09-07 07:20:39,2012-12-12 22:30:53
100803,16,2006-06-01 21:05:25,
100864,4,2001-04-21 13:51:51,2016-06-23 04:10:32
100340,5,2001-03-19 01:57:00,
100965,6,2001-06-01 13:47:35,
100471,6,2009-06-21 23:39:17,2023-05-14 22:02:28
100571,10,2004-07-20 03:51:55,2019-06-15 01:29:13
100439,5,2007-09-12 19:27:38,2016-06-09 11:20:23
100963,19,2005-09-23 11:56:15,
100930,13,2009-02-06 09:23:51,
100674,19,2004-08-13 21:27:02,2014-08-16 20:33:10
100511,18,2007-04-16 04:38:23,2019-03-10 00:59:12
100351,16,2002-03-29 14:22:26,2014-03-05 02:37:11
100802,4,2005-04-30 03:07:15,2018-09-13 15:11:41
100058,6,2002-01-22 01:05:50,2017-11-12 03:10:00
100202,10,2005-06-02 18:34:50,2013-05-05 10:59:59
100867,14,2001-03-06 01:54:32,2018-01-31 09:08:31
100936,9,2005-04-08 23:18:28,
100582,3,2007-12-26 19:22:21,2017-02-21 14:09:07
100739,17,2007-04-11 01:48:31,2022-02-23 20:18:39
100650,5,2008-03-01 16:52:43,2019-04-23 12:18:23
100191,13,2001-07-18 10:15:02,2022-04-07 04:41:21
100444,16,2010-04-05 01:12:18,
100717,14,2006-05-29 21:19:29,2017-07-09 22:32:36
100802,14,2004-09-06 05:41:04,
100989,17,2009-01-03 03:36:58,2013-02-12 07:07:14
100037,18,2007-09-25 05:02:17,2022-07-15 06:54:14
100481,19,2003-04-08 12:41:02,2016-05-18 11:05:53
100686,9,2002-05-19 01:44:53,2014-02-07 17:38:55
100074,17,2009-09-06 13:40:51,2017-11-01 04:33:04
100869,13,2004-11-21 16:39:55,
100421,20,2001-10-07 11:37:35,2022-09-15 10:18:16
100243,15,2004-08-02 20:21:05,2016-12-12 00:18:39
100297,15,2010-09-19 14:47:35,2013-07-21 14:23:30
100711,17,2007-03-27 15:50:28,2017-02-14 22:04:17
100757,11,2001-06-13 21:29:08,2014-12-11 00:30:19
100558,14,2001-12-05 10:12:16,2020-06-07 20:35:43
100901,12,2002-06-06 15:35:06,2017-02-01 19:37:17
100779,11,2005-06-26 00:19:44,
100477,7,2003-04-02 07:04:05,
100793,18,2001-07-11 23:56:53,
100631,10,2009-11-03 23:32:41,2017-10-25 14:46:14
100030,15,2010-07-11 13:09:29,
100878,9,2008-07-26 21:04:23,2014-02-08 22:58:31
100225,15,2007-09-08 12:58:31,
100808,18,2004-11-04 20:06:12,
100935,18,2006-07-12 18:59:31,2017-03-07 20:05:38
100578,4,2007-10-05 05:59:34,2021-07-25 12:48:48
100982,4,2000-10-06 04:15:40,2017-02-21 11:06:28
100618,19,2001-12-21 09:46:40,2018-10-20 20:44:22
100932,16,2009-07-19 01:03:56,
100139,4,2008-08-14 12:56:01,
100356,5,2001-01-20 01:05:52,2020-06-27 18:55:58
100603,2,2001-07-21 20:42:58,2019-12-08 13:04:12
100421,20,2003-02-06 07:34:15,
100068,20,2007-10-14 05:51:15,2011-10-19 09:47:52
100054,14,2005-07-17 09:33:29,
100912,20,2010-03-27 17:46:44,2013-08-30 11:01:28
100185,17,2001-02-20 00:12:51,2021-08-08 10:04:15
100489,18,2007-01-27 04:04:21,2012-08-31 16:00:33
100872,2,2007-10-27 02:35:46,2016-06-20 19:39:28
100223,7,2005-09-30 06:26:05,
100295,13,2001-04-04 01:46:25,2018-10-17 12:49:11
100244,18,2003-03-17 14:16:40,
100402,3,2007-11-07 10:28:58,2019-06-15 19:55:34
100144,12,2007-03-22 03:31:38,
100057,1,2004-10-27 18:36:01,2019-03-26 06:47:24
100210,14,2002-06-08 20:23:16,
100660,9,2006-12-29 22:05:55,2016-05-16 22:42:10
100760,20,2006-10-09 12:59:05,2021-04-21 12:18:57
100234,10,2001-08-29 23:07:35,
100099,18,2002-08-13 03:05:09,2019-05-21 13:56:24
100275,2,2002-12-11 22:00:20,2022-05-10 00:45:54
100940,19,2004-11-13 23:40:37,2015-08-28 05:39:20
100757,8,2004-01-30 19:43:17,2012-05-03 15:34:32
100513,9,2009-10-04 11:44:02,2016-08-22 05:51:28
100289,10,2003-10-10 04:12:48,2018-02-13 07:22:06
100420,19,2005-11-11 05:33:36,2015-09-29 18:21:50
100919,2,2008-09-27 07:15:00,2021-03-04 12:04:47
100379,2,2008-04-21 06:13:03,2022-06-23 16:13:22
100083,18,2002-12-02 21:47:28,
100268,3,2004-08-16 22:05:28,2012-12-27 18:14:00
100476,16,2004-04-15 23:02:26,2016-03-25 15:13:08
100013,17,2003-01-21 13:13:48,2023-07-16 11:58:24
100532,3,2010-09-01 04:59:14,2019-04-17 18:05:50
100768,10,2004-04-30 17:46:27,
100588,3,2000-10-25 04:57:31,2016-09-20 07:36:03
100332,19,2009-06-25 18:02:06,2011-11-19 02:46:31
100316,18,2006-05-07 05:37:23,2020-08-22 00:06:45
100944,6,2004-07-05 06:03:34,2014-03-13 08:11:19
100039,4,2004-07-30 17:31:24,
100285,8,2003-03-16 12:48:09,2016-05-23 01:26:54
100691,17,2002-02-22 16:18:51,2012-04-11 06:41:04
100566,17,2004-08-19 10:24:55,
100794,12,2009-02-02 15:33:14,
100367,17,2009-08-28 09:08:47,2023-06-14 08:26:48
100562,5,2007-05-04 06:09:33,2022-06-26 16:30:33
100469,12,2002-01-10 20:07:25,2018-09-15 11:10:43
100916,18,2007-05-02 04:58:31,2019-11-10 22:53:06
100359,11,2006-05-06 05:14:23,2022-08-04 06:29:48
100020,1,2003-06-06 12:58:19,2011-12-08 18:14:57
100738,15,2006-04-14 04:28:58,2021-08-05 19:25:13
100596,16,2003-10-20 19:16:47,2012-10-01 19:58:29
100451,14,2006-02-28 06:04:29,2020-01-17 11:37:02
100742,11,2002-05-08 10:50:58,
100179,7,2004-12-05 10:40:23,2017-03-31 03:46:21
100837,17,2006-12-29 11:15:27,2021-11-22 11:55:50
100608,3,2000-12-01 02:31:07,
100582,7,2004-11-01 03:06:39,
100038,18,2002-07-17 09:41:48,2012-11-30 23:39:15
100483,20,2006-03-17 16:36:58,2022-02-04 23:36:30
100289,12,2003-01-22 19:48:16,2018-08-09 04:04:40
100033,7,2006-08-07 05:37:23,
100133,4,2007-06-21 15:43:28,
100198,12,2007-12-12 16:17:15,2012-05-05 20:01:28
100074,2,2009-05-17 04:46:31,2013-06-01 03:50:29
100113,6,2004-09-06 19:25:46,
100374,2,2003-08-26 12:09:22,2017-07-12 04:14:18
100714,3,2004-07-24 03:02:26,
100638,14,2005-12-05 11:45:12,
100134,11,2002-10-13 17:39:56,2017-05-11 10:50:06
100059,9,2010-01-08 13:06:38,2017-09-19 15:18:23
100977,12,2002-11-13 02:15:22,
100986,17,2009-04-19 08:23:52,2014-09-20 11:14:52
100937,11,2000-12-14 13:49:34,2020-11-26 15:15:33
100640,16,2009-08-18 09:12:22,2021-07-01 00:55:41
100900,3,2003-07-17 12:28:53,2023-04-10 16:22:25
100884,20,2007-11-12 16:26:39,
100699,18,2003-02-19 01:45:27,2012-10-22 09:26:37
100913,3,2001-12-03 17:51:14,2016-07-20 23:40:25
100883,19,2002-05-15 21:07:26,2022-10-25 12:26:28
100077,20,2001-01-24 12:16:53,
100690,7,2009-09-17 05:27:18,2022-06-20 15:22:57
100580,7,2001-11-29 10:15:29,
100877,9,2001-02-02 04:43:09,
100743,13,2009-07-06 09:38:30,
100001,20,2004-11-04 13:02:51,2018-11-02 12:59:51
100200,1,2001-09-13 06:43:45,2018-07-27 15:31:25
100543,2,2010-07-10 14:16:45,
100573,3,2010-08-26 23:03:18,2012-02-17 23:26:54
100086,7,2003-03-22 06:34:22,2012-07-09 20:08:19
100045,2,2004-09-23 14:12:07,
100149,6,2004-03-14 06:54:51,2021-04-03 20:48:23
100282,6,2003-01-10 19:32:43,2015-03-12 04:19:49
100034,17,2005-12-01 08:27:23,2020-12-01 20:07:35
100083,3,2006-09-30 08:31:49,2014-01-18 21:57:02
100736,11,2004-07-10 23:44:55,2020-03-18 11:56:13
100537,9,2008-12-14 18:20:56,
100702,19,2001-03-11 03:33:28,2021-03-02 17:47:48
100464,4,2001-05-29 05:59:16,2012-09-21 04:29:04
100968,20,2005-06-26 13:37:42,2019-12-17 21:40:49
100260,15,2001-12-11 02:22:08,2013-03-26 14:49:28
100308,17,2006-10-16 17:03:01,2021-01-18 00:27:26
100945,19,2008-05-25 06:50:16,2017-06-24 21:56:03
100153,7,2003-09-19 08:48:52,
100438,14,2002-08-21 08:02:47,2017-08-16 13:38:45
100282,2,2004-06-03 07:17:45,
100102,14,2001-11-18 12:53:35,
100375,12,2005-07-12 07:42:49,
100320,10,2007-08-06 21:04:05,2015-03-28 21:16:27
100805,17,2009-05-16 22:16:20,2012-06-23 16:28:45
100426,16,2005-05-15 14:05:31,
100229,8,2006-06-10 22:43:22,2016-01-12 00:17:03
100258,20,2003-07-23 03:31:29,2017-09-23 01:19:44
100840,10,2001-10-02 10:44:49,2020-07-06 08:33:49
100450,13,2002-09-01 15:44:32,
100180,5,2004-09-25 02:54:55,
100827,3,2009-04-08 00:55:18,2020-08-09 13:04:13
100352,6,2004-02-03 18:47:46,2018-02-24 15:35:58
100967,14,2003-01-21 02:30:06,2015-01-31 04:29:03
100145,9,2006-01-14 17:48:55,2023-03-21 16:50:44
100707,9,2000-11-27 07:58:48,
100862,12,2006-05-24 17:08:00,2014-06-10 20:30:06
100190,10,2000-12-12 00:49:20,2023-03-28 15:03:31
100443,12,2009-12-26 06:37:57,2019-05-27 18:22:58
100732,8,2009-03-10 08:34:57,
100009,17,2001-05-22 02:19:22,
100816,7,2005-10-09 09:32:21,2012-11-18 00:20:50
100365,18,2007-11-17 05:00:07,2014-03-24 11:46:53
100939,13,2004-01-25 02:16:16,
100618,15,2003-07-29 09:27:29,2011-10-11 10:55:13
100440,10,2001-01-14 23:40:35,
100273,4,2002-09-24 14:33:56,2012-05-02 21:39:39
100417,3,2001-03-12 21:04:40,2020-04-15 05:11:24
100988,4,2006-02-24 13:01:40,2015-03-19 02:08:04
100506,12,2002-01-05 06:59:02,2023-08-12 03:16:56
100078,15,2000-11-10 01:21:11,
100586,18,2004-03-06 20:37:38,
100308,17,2005-04-11 13:06:06,2013-03-28 22:26:59
100338,2,2005-04-22 20:49:54,2020-02-10 08:26:36
100979,3,2004-08-25 05:19:41,2018-07-02 20:01:39
100007,5,2007-09-30 12:00:33,2015-03-15 10:49:55
100421,9,2007-06-23 06:43:43,
100391,18,2005-12-27 06:19:44,2018-03-08 22:01:53
100322,12,2009-07-25 14:07:37,2022-11-12 21:14:04
100370,2,2007-05-03 19:16:58,2015-11-03 02:53:15
100507,8,2001-05-03 01:13:20,
100306,10,2009-02-20 10:03:06,2019-04-30 13:58:24
100439,18,2006-07-13 15:02:06,
100836,18,2009-02-17 20:17:39,
100459,10,2010-04-04 07:02:52,
100327,7,2004-01-15 12:21:26,2023-02-15 22:20:52
100316,18,2002-10-22 13:00:54,2020-04-17 05:38:35
100540,10,2010-09-12 06:37:31,
100573,6,2006-05-20 00:28:19,2020-02-10 15:18:24
100923,18,2008-09-16 11:12:27,
100696,19,2008-02-02 02:30:54,2014-06-01 23:52:54
100520,3,2001-07-04 11:14:44,
100667,19,2007-12-23 23:02:55,2013-01-25 23:58:11
100954,3,2007-12-26 21:01:29,2020-01-20 07:31:28
100914,6,2005-07-19 00:11:33,
100583,19,2002-12-26 10:18:53,2019-08-15 21:42:24
100809,3,2006-06-24 20:26:50,2020-07-19 00:16:19
100574,10,2001-03-13 22:11:56,2012-05-15 23:08:16
100917,20,2004-05-11 21:17:20,2014-04-18 16:07:07
100454,15,2006-11-03 22:46:42,2016-09-12 16:19:13
100694,7,2009-08-28 21:08:53,2014-02-08 18:05:24
100623,18,2002-02-22 16:03:09,
100716,3,2001-11-27 21:55:08,2017-10-29 06:21:15
100579,2,2008-12-23 12:29:48,
100535,6,2002-12-16 05:16:11,
100446,6,2006-07-21 16:29:12,
100939,8,2005-09-08 16:33:51,
100042,6,2003-03-22 03:49:53,2017-03-12 12:40:09
100679,17,2004-10-15 16:24:24,2016-05-25 05:30:22
100314,18,2005-07-17 02:48:19,2023-07-30 23:46:02
100086,18,2008-02-09 10:34:52,2014-03-01 15:01:33
100869,11,2007-06-28 20:27:45,2015-04-16 02:13:55
100618,1,2001-05-13 13:45:42,2011-11-02 17:11:25
100965,16,2010-06-06 22:00:18,2020-11-28 16:11:42
100630,11,2001-09-22 03:05:31,2022-04-07 05:17:23
100087,20,2010-05-16 15:07:32,2018-04-12 21:54:28
100559,18,2004-11-26 01:02:18,
100315,2,2010-05-24 11:47:00,
100021,3,2010-09-17 14:36:58,2013-09-20 01:02:14
100080,11,2009-11-26 14:33:57,2016-12-14 12:05:45
100378,12,2008-10-26 15:41:04,
100423,12,2009-12-10 11:41:50,
100573,9,2010-08-14 18:44:29,2016-06-16 16:14:58
100060,2,2001-02-11 02:37:21,
100178,3,2004-09-26 12:44:41,2014-09-18 08:58:11
100098,16,2001-11-04 09:13:49,2013-06-05 21:47:36
100555,20,2002-07-03 06:27:38,2020-07-18 05:13:41
100734,16,2004-12-22 09:12:34,2021-10-02 22:05:57
100689,13,2009-02-25 05:58:21,
100834,12,2008-04-09 18:38:58,2020-11-13 13:59:44
100348,10,2007-01-31 16:10:15,2019-11-12 08:20:21
100687,19,2009-04-21 10:10:04,2020-06-30 20:52:22
100861,12,2010-08-12 19:52:24,2015-03-01 11:23:12
100060,1,2000-09-24 11:29:42,2016-03-08 11:17:09
100229,4,2007-04-28 20:57:43,
100226,15,2003-09-19 23:50:14,
100294,8,2006-05-02 09:58:26,2022-12-27 07:14:32
100086,3,2004-09-19 08:55:29,2022-10-11 04:01:36
100373,12,2003-09-02 11:47:33,
100488,5,2006-08-08 23:11:23,2022-05-13 13:52:33
100683,18,2000-11-03 19:30:27,2019-04-22 08:09:23
100689,3,2005-02-11 04:32:15,2023-04-05 13:42:48
100201,15,2001-10-31 12:19:48,
100586,5,2001-07-09 18:13:31,2017-02-21 14:08:25
100302,1,2009-06-21 21:42:06,2016-01-25 10:41:22
100002,17,2007-03-29 16:05:28,2013-07-14 07:50:45
100628,16,2008-01-18 23:19:05,
100918,6,2001-04-21 22:15:51,
100949,19,2008-02-13 00:36:42,
100397,9,2007-01-31 07:12:09,2021-10-19 00:54:56
100550,13,2002-09-17 12:32:27,
100286,1,2008-08-29 00:10:16,2015-12-03 17:43:55
100678,2,2008-03-06 13:42:17,
100023,7,2010-05-12 18:42:42,2023-08-21 01:23:31
100322,4,2002-01-11 19:15:56,
100907,13,2001-05-18 07:45:11,2019-04-29 19:57:11
100744,6,2001-07-17 04:38:05,2015-01-25 01:20:57
100777,6,2003-02-24 23:23:59,2012-04-23 13:29:21
100767,14,2002-09-01 16:12:25,2012-11-19 06:37:04
100511,17,2004-10-13 17:36:04,
100563,2,2004-07-08 23:58:37,
100700,14,2005-08-06 02:50:26,2021-07-10 11:04:09
100772,3,2008-05-20 15:11:57,2011-10-13 12:08:01
100806,17,2005-05-04 16:29:56,2021-03-27 02:28:31
100838,15,2000-12-03 12:16:12,
100461,17,2008-04-20 00:15:09,2014-06-09 10:30:35
100491,18,2001-09-07 06:46:36,2023-03-18 05:47:46
100091,14,2001-04-26 01:11:28,2021-02-17 04:54:37
100283,16,2009-02-13 02:14:29,
100596,18,2007-06-07 08:48:20,
100679,2,2009-06-15 03:16:17,2020-07-02 21:21:51
100839,20,2002-05-18 16:20:49,
100671,6,2006-04-11 18:35:05,
100150,14,2006-01-29 08:43:56,
100624,5,2006-04-24 12:28:43,2018-03-19 02:49:58
100764,4,2001-12-15 05:50:22,2019-08-25 00:32:34
100147,16,2006-06-07 08:03:56,2019-11-08 23:32:42
100727,4,2005-10-30 11:24:04,
100521,6,2006-02-04 23:16:47,2014-07-04 11:12:51
100079,7,2003-10-29 11:26:33,
100346,14,2004-12-08 17:25:51,2023-05-31 20:45:31
100367,15,2010-04-28 18:14:30,2022-05-13 06:19:11
100852,10,2010-05-05 19:26:44,2013-09-22 23:06:27
100073,8,2004-05-23 09:04:23,
100755,19,2001-12-24 15:40:42,2019-09-08 21:14:04
100331,16,2002-07-12 02:57:10,2015-02-12 20:10:30
100294,8,2007-03-26 04:49:03,
100574,16,2003-06-27 09:43:18,2017-04-05 06:41:18
100156,5,2006-06-17 15:29:07,2019-05-05 18:13:59
100404,3,2006-05-02 17:47:32,2020-09-21 18:35:07
100971,20,2003-08-26 08:45:07,
100578,18,2002-04-01 03:54:38,2021-12-17 08:51:50
100407,9,2010-08-09 15:28:54,
100621,12,2010-07-22 16:11:35,
100211,11,2007-05-21 23:06:18,2019-10-14 12:33:20
100202,13,2005-04-09 06:05:58,
100406,20,2004-07-03 10:03:48,2017-07-25 17:24:37
100196,2,2009-04-13 06:34:15,2012-11-02 17:13:50
100559,3,2003-03-08 05:56:30,2012-03-16 04:17:18
100546,7,2006-12-17 11:24:26,2016-01-30 08:03:16
100672,1,2010-04-06 21:26:38,
100582,6,2002-06-04 13:14:55,2012-09-03 12:44:42
100953,11,2000-09-26 00:00:39,2017-11-30 15:28:22
100802,11,2004-07-26 14:58:49,
100922,3,2008-02-27 07:34:47,
100863,15,2003-05-15 16:42:11,
100058,19,2010-06-06 19:34:36,2019-04-18 17:50:16
100315,13,2002-09-22 13:42:29,
100437,2,2005-12-21 07:19:40,2023-05-09 10:08:35
100702,5,2001-06-18 18:16:18,
100828,13,2010-03-05 01:26:34,2017-11-22 14:24:50
100898,6,2001-10-29 07:36:15,2022-09-02 13:41:22
100042,6,2003-11-16 23:38:37,2023-02-08 17:00:35
100022,17,2005-10-14 15:55:09,2015-06-26 02:48:41
100929,13,2003-10-05 18:00:45,2021-07-25 20:20:31
100580,2,2010-05-28 05:01:20,
100985,18,2001-01-15 17:05:39,2020-08-05 20:36:42
100820,2,2009-03-09 10:09:15,
100434,8,2010-06-05 04:38:49,2015-04-14 11:17:15
100473,12,2004-05-09 10:50:33,
100776,10,2008-05-09 04:32:09,2018-12-28 10:59:18
100249,6,2007-01-16 23:59:05,2016-01-06 18:38:42
100198,1,2010-07-19 15:54:58,2019-02-13 00:01:02
100190,16,2004-05-11 09:40:01,
100235,9,2008-06-18 21:46:20,
100815,20,2008-09-02 05:57:42,
100665,12,2009-08-25 18:59:02,2016-04-11 11:49:06
100697,15,2007-08-24 20:57:16,
100128,15,2001-11-05 05:47:07,2021-05-17 20:18:54
100126,11,2003-12-07 22:46:48,
100567,5,2009-07-02 14:42:07,2020-09-10 14:14:41
100487,16,2003-08-16 15:32:06,2017-12-04 02:45:51
100191,1,2004-12-11 08:04:54,2021-05-17 06:40:02
100100,8,2000-11-19 16:37:08,2012-08-31 23:59:54
100358,15,2008-05-13 19:10:47,2016-09-07 00:22:35
100738,18,2006-06-02 01:33:35,2015-06-28 02:08:02
100070,3,2003-11-21 09:46:11,2013-11-03 14:46:27
100767,17,2002-08-25 07:36:38,2012-01-06 21:21:27
100594,12,2004-04-20 21:47:49,
100213,18,2003-07-30 02:17:10,2019-05-19 16:19:14
100520,15,2001-03-14 05:57:38,2023-03-03 22:05:10
100882,18,2003-02-10 16:15:59,2022-09-19 23:24:07
100215,18,2007-06-05 21:46:17,2016-01-25 02:32:16
100738,11,2005-08-12 15:16:01,2017-07-26 23:34:01
100460,18,2007-12-02 00:19:13,2023-01-16 13:54:59
100801,10,2003-05-10 10:03:00,2015-06-12 22:24:02
100136,17,2007-10-29 21:11:19,
100621,14,2004-03-19 10:26:29,2019-03-10 17:51:37
100287,11,2010-02-01 09:12:33,
100470,12,2002-07-24 16:38:51,2019-10-15 20:13:02
100354,18,2010-01-31 08:15:34,2015-09-06 19:51:01
100526,7,2008-07-26 07:08:41,2023-08-13 17:15:25
100338,17,2004-11-23 14:38:07,2013-11-10 13:17:17
100189,7,2008-05-26 17:37:04,
100391,18,2009-03-22 17:43:01,
100388,15,2007-03-10 05:28:25,2014-01-25 21:39:50
100294,1,2002-04-03 20:59:25,
100616,2,2009-09-25 10:16:21,
100189,3,2010-09-04 15:40:53,2020-10-08 09:58:48
100780,7,2004-11-18 15:18:44,
100537,2,2002-04-20 09:54:53,
100218,18,2002-09-17 13:06:57,2020-12-29 18:22:17
100368,8,2006-08-21 09:21:37,
100198,7,2008-09-04 09:53:03,2015-03-07 02:02:43
100022,6,2002-08-19 04:19:25,
100648,19,2005-02-10 05:39:35,2013-07-25 03:07:12
100736,11,2009-01-09 03:52:07,2012-12-05 13:45:43
100769,11,2008-11-23 23:47:29,
100993,4,2001-12-10 09:43:22,
100414,15,2003-10-25 09:59:23,
100059,1,2004-09-12 00:36:33,2017-04-30 18:28:31
100738,1,2006-09-10 23:57:02,2014-10-16 19:11:03
100978,8,2009-03-09 20:21:39,2023-08-23 07:01:50
100742,18,2009-05-07 14:33:22,
100468,3,2006-03-11 13:00:50,
100785,5,2006-04-15 14:40:42,2020-06-23 00:51:03
100831,8,2007-08-13 05:33:38,2014-01-28 11:01:39
100892,15,2009-10-03 03:21:05,2019-03-18 02:04:46
100499,11,2002-12-28 23:48:57,2018-08-19 13:00:30
100812,6,2002-12-15 10:39:20,2017-04-02 02:45:28
100816,7,2005-03-20 12:40:30,
100385,17,2009-08-22 23:32:13,2020-10-01 13:00:46
100992,1,2002-05-23 12:31:19,
100771,8,2007-04-13 02:21:22,2019-05-13 12:36:23
100988,19,2009-11-26 12:05:31,2015-01-17 15:06:57
100597,4,2002-07-03 06:43:28,2023-05-15 17:22:26
100421,12,2001-12-27 07:45:42,
100525,5,2003-08-30 14:25:35,2021-03-03 08:02:30
100828,7,2000-11-06 02:48:58,2019-10-28 14:06:50
100606,15,2003-06-18 14:33:35,2021-09-15 02:38:49
100472,18,2008-07-30 08:03:23,2023-07-19 02:53:50
100871,11,2003-07-04 15:43:14,2014-05-15 10:10:29
100464,6,2005-05-07 17:54:53,2022-05-15 22:39:23
100527,19,2010-01-28 10:04:43,
100630,6,2002-03-11 12:44:12,2015-09-30 21:18:42
100002,12,2005-08-14 21:28:00,2012-09-13 22:43:52
100971,15,2001-02-03 05:17:01,2012-05-15 21:21:22
100398,4,2004-02-13 20:24:32,2017-07-23 12:58:56
100724,16,2006-12-22 20:44:45,
100635,16,2007-06-07 10:23:00,2017-10-10 04:25:56
100359,11,2005-11-18 16:30:52,2016-06-16 18:00:08
100268,16,2002-12-30 21:40:11,2012-03-21 22:18:00
100823,20,2005-11-08 12:24:35,2012-09-20 12:19:33
100501,6,2010-07-23 15:12:56,
100983,9,2004-06-07 00:34:20,2021-08-09 00:43:17
100466,12,2003-07-20 13:46:01,2012-07-26 11:47:08
100061,2,2002-09-06 18:36:05,2016-01-20 15:10:01
100844,11,2007-04-24 12:30:25,2019-06-12 23:24:56
100128,11,2001-01-18 18:14:22,2022-05-07 11:48:20
100690,3,2007-06-02 14:41:01,2021-12-21 12:48:20
100969,2,2004-08-24 16:16:25,2015-11-09 06:59:29
100858,2,2001-03-13 11:31:04,2015-10-17 03:22:46
100679,6,2002-11-08 11:32:05,2013-04-19 13:36:58
100202,7,2006-11-06 09:24:27,2019-10-21 22:23:18
100566,8,2007-02-01 21:33:32,
100364,1,2009-01-15 02:29:05,2021-08-22 23:30:24
100243,3,2008-03-26 13:11:28,2013-10-29 15:13:22
100956,5,2006-11-08 20:00:32,2015-11-15 09:00:56
100851,4,2004-04-14 02:01:31,
100370,11,2009-01-18 09:56:29,
100178,13,2002-07-19 16:18:07,2022-06-27 12:34:46
100414,11,2005-06-05 15:02:55,2013-10-16 02:42:36
100661,11,2006-01-16 20:49:16,2012-05-02 10:21:50
100366,6,2007-10-25 06:15:53,2014-02-13 14:30:45
100926,3,2000-12-23 11:57:26,2022-12-28 13:20:15
100373,19,2010-01-02 15:02:18,2020-07-13 19:09:36
100148,10,2008-06-08 06:55:36,2012-01-16 22:20:02
100696,16,2003-09-05 05:41:55,
100920,3,2005-04-08 10:29:30,2015-03-04 06:03:07
100698,19,2001-08-08 17:04:27,2012-12-30 22:42:16
100282,3,2002-02-23 05:38:15,
100483,18,2008-07-05 20:09:59,2019-04-16 13:48:15
100449,18,2005-09-19 13:58:37,2017-02-05 15:16:53
100796,15,2010-09-12 20:43:51,2018-10-03 10:13:23
100009,7,2006-01-06 07:23:51,2019-10-24 17:23:46
100780,5,2008-12-13 09:26:32,2014-10-05 12:43:14
100705,6,2004-12-26 00:59:55,2022-09-07 05:04:55
100364,10,2010-04-01 05:59:59,2016-06-10 11:47:51
100695,14,2003-03-05 13:30:05,
100888,17,2004-11-10 13:31:48,2016-01-04 17:55:34
100366,4,2003-01-12 19:22:26,2012-10-21 02:16:15
100323,5,2006-10-12 11:30:08,2015-09-23 16:11:44
100414,6,2002-01-30 19:44:14,2019-02-20 14:05:10
100331,5,2008-02-28 20:10:23,2020-05-11 08:58:54
100099,6,2006-03-26 15:22:34,
100138,20,2004-01-07 04:17:47,2018-01-29 19:45:18
100184,5,2009-01-11 01:27:18,
100547,5,2006-11-16 10:06:17,2023-06-16 14:22:52
100750,8,2001-08-20 00:52:28,2021-12-30 00:22:56
100592,16,2003-10-30 17:24:17,2018-01-23 18:45:39
100673,11,2006-07-09 13:30:33,2013-12-29 18:29:28
100039,17,2001-09-16 08:38:38,2019-12-26 00:44:00
100523,7,2005-05-24 18:12:41,
100135,5,2009-01-22 19:59:59,2022-09-15 09:26:24
100532,6,2008-01-11 15:15:46,
100975,17,2004-12-05 06:26:56,2014-08-13 16:01:42
100234,8,2003-04-08 01:55:45,2012-10-07 16:16:56
100225,8,2009-04-13 10:53:16,2018-08-12 09:59:34
100576,7,2007-12-17 05:12:59,2016-06-28 03:00:05
100218,2,2005-05-18 06:33:15,2013-07-13 02:44:36
100651,7,2009-10-15 10:41:52,2013-12-13 11:29:11
100090,11,2004-07-03 20:35:59,
100194,20,2002-06-26 05:49:55,
100704,7,2009-08-19 08:48:02,2022-06-10 15:42:06
100248,12,2003-03-19 03:02:56,2022-10-23 14:17:20
100824,11,2008-04-04 00:22:48,2017-06-14 20:14:14
100085,16,2008-09-01 15:43:24,2022-05-23 02:38:10
100366,8,2002-05-16 00:56:12,2018-01-30 16:59:54
100475,7,2003-02-16 22:25:28,2011-11-13 11:16:31
100374,2,2009-04-25 10:42:55,
100594,16,2009-09-13 17:58:16,2016-09-30 09:23:40
100620,8,2002-09-11 16:34:59,2021-05-26 19:01:28
100567,20,2010-06-27 07:00:09,2017-03-09 20:55:20
100123,14,2003-03-21 23:09:13,2017-02-26 22:10:09
100763,20,2003-02-01 13:53:22,2015-11-27 03:12:39
100213,17,2003-04-11 06:35:40,2014-07-15 11:36:48
100198,19,2009-04-12 08:06:41,2018-03-20 04:15:45
100940,3,2010-04-28 11:55:36,2022-03-07 03:11:52
100525,2,2001-09-08 23:28:09,2018-05-19 23:41:46
100880,6,2003-11-28 14:41:05,2012-10-10 18:33:35
100942,2,2008-11-28 21:39:39,2022-01-20 15:52:25
100563,2,2003-06-14 04:23:17,2020-11-16 10:06:40
100688,16,2005-02-10 13:25:18,2014-11-02 17:52:58
100533,17,2009-12-14 05:59:07,
100597,17,2005-10-19 08:36:45,2020-09-16 11:33:41
100369,8,2005-03-23 02:03:17,2021-06-24 06:02:23
100057,10,2010-05-18 17:59:25,2017-04-03 15:51:57
100856,13,2004-09-04 15:19:10,
100264,12,2001-04-03 20:27:55,2019-05-20 05:33:31
100337,9,2001-09-06 15:19:45,
100633,7,2009-11-09 18:52:06,2016-08-16 22:47:00
100402,17,2003-09-03 06:30:44,2021-11-20 04:57:27
100467,1,2004-02-16 12:09:52,
100686,16,2008-05-10 05:36:05,2022-12-13 23:08:29
100568,16,2005-07-03 09:10:54,2014-12-27 11:06:07
100900,7,2008-10-07 12:33:02,
100888,5,2006-05-22 01:37:52,2014-08-15 23:46:22
100793,8,2008-03-14 17:49:43,2012-07-08 13:08:16
100886,11,2008-10-26 11:18:58,2011-12-10 15:20:44
100654,19,2006-05-01 04:18:43,2013-02-28 10:53:31
100015,20,2009-01-23 11:31:32,2020-08-31 00:34:19
100784,2,2003-02-18 01:43:33,
100473,11,2006-03-17 08:26:29,
100105,9,2007-09-24 05:58:34,2022-11-22 21:14:05
100474,11,2009-12-22 03:09:14,
100520,15,2005-12-06 12:39:10,2023-01-13 04:24:50
100482,14,2003-12-21 08:00:10,2018-08-31 20:55:49
100658,4,2007-09-28 14:46:38,2015-08-04 15:05:53
100892,18,2005-09-05 04:47:35,2012-05-31 03:00:28
100463,8,2005-05-01 09:53:34,
100953,1,2004-04-21 13:29:56,2019-01-03 15:43:55
100029,5,2003-06-25 01:50:20,2012-07-04 15:12:53
100830,6,2003-07-20 18:59:49,2018-03-21 01:58:03
100605,16,2002-04-27 13:38:15,2019-03-14 07:46:28
100032,5,2001-05-24 01:42:13,2022-01-27 02:07:08
100258,11,2010-06-05 13:47:06,2019-06-24 19:11:13
100421,4,2007-11-23 09:12:28,2015-05-19 13:05:21
100373,15,2000-11-27 01:29:44,
100342,5,2000-11-01 11:04:50,2011-09-21 16:50:25
100259,19,2003-09-05 12:24:00,2018-05-16 21:36:19
100339,11,2009-05-29 12:11:06,2012-06-04 15:45:57
100287,9,2006-10-15 05:35:53,
100544,15,2010-08-18 04:50:01,2012-12-02 18:15:47
100590,18,2007-09-02 09:17:21,
100593,15,2005-04-23 05:45:35,
100891,8,2009-07-06 20:23:26,2023-05-27 19:04:14
100129,20,2010-03-18 17:19:42,2014-07-20 02:43:53
100928,1,2004-01-11 17:54:42,2020-06-16 20:47:43
100896,16,2003-05-02 23:12:52,2015-11-20 18:09:08
100948,7,2001-11-19 06:32:33,
100263,1,2006-06-26 05:29:37,2020-03-31 00:15:27
100983,9,2006-02-28 18:10:50,
100620,7,2004-07-09 14:39:01,2015-08-16 13:57:20
100452,7,2004-11-09 12:02:19,2011-12-26 20:55:35
100835,10,2009-09-30 03:52:32,
100053,12,2002-05-15 01:07:18,
100689,10,2002-11-20 08:12:50,
100702,18,2007-10-30 01:48:13,2021-07-04 15:12:36
100784,18,2001-03-12 08:18:20,
100329,12,2008-04-12 23:05:25,2018-07-23 12:35:40
100402,4,2000-10-15 01:32:36,2023-05-04 14:18:36
100346,2,2009-09-05 15:45:20,
100076,3,2004-12-29 07:15:05,2018-05-15 14:15:46
100554,17,2004-10-13 07:07:21,2011-11-07 00:34:26
100526,5,2001-11-13 20:27:31,2011-11-25 01:09:44
100616,18,2003-04-19 00:51:02,2017-05-14 16:05:36
100744,5,2002-10-04 21:23:23,2021-11-08 19:21:30
100795,5,2008-03-28 08:00:26,2015-04-04 23:35:26
100115,12,2006-12-17 19:24:01,2022-12-31 09:17:38
100445,13,2007-08-29 02:14:57,2019-10-13 14:31:10
100475,20,2002-01-21 06:06:24,2013-11-24 11:43:50
100786,6,2004-09-30 04:38:48,2019-01-24 18:31:19
100729,12,2005-03-16 02:12:15,2022-05-04 08:55:21
100083,12,2007-01-15 06:53:02,
100219,9,2005-08-21 18:25:11,2016-09-24 22:43:58
100990,16,2006-11-23 05:16:38,2016-12-20 15:46:56
100179,12,2004-12-23 13:47:00,
100994,20,2004-05-23 00:51:17,
100336,18,2004-03-01 07:43:36,2012-07-14 06:40:00
100128,16,2003-11-02 20:40:01,2017-08-08 04:08:37
100633,19,2010-06-20 19:01:59,2016-05-13 18:46:57
100520,13,2006-08-03 08:51:09,2020-11-11 10:00:10
100028,9,2004-12-11 21:03:24,2020-02-29 22:00:46
100167,16,2002-10-25 22:14:07,2021-11-03 16:34:09
100422,17,2002-07-27 14:23:03,2018-03-30 22:01:30
100370,16,2008-01-28 18:18:10,2018-08-06 02:17:54
100242,11,2002-02-10 10:44:37,
100582,8,2001-09-29 15:24:57,2012-09-10 08:17:21
100261,10,2004-01-28 10:09:36,
100906,2,2005-10-21 22:41:33,
100580,2,2005-10-29 16:57:44,2019-11-11 09:01:26
100010,18,2006-07-22 04:32:20,2012-06-02 20:00:23
100216,16,2009-03-20 23:52:47,2015-01-18 14:30:42
100360,9,2007-12-28 17:43:04,
100125,12,2006-09-28 15:14:39,
100115,13,2001-05-11 06:58:50,2011-09-22 12:54:28
100854,16,2005-02-11 14:51:40,2016-04-24 16:59:26
100866,3,2004-04-30 11:26:25,2022-01-21 14:12:58
100151,9,2006-04-10 06:36:37,2018-12-13 09:47:41
100566,16,2008-03-23 17:57:36,2021-10-21 03:05:00
100513,5,2004-09-07 15:19:27,2011-11-14 23:17:50
100199,9,2007-05-28 00:18:20,2022-03-06 04:44:24
100332,1,2006-07-06 19:47:14,2021-03-11 11:01:20
100727,19,2006-12-26 23:46:17,2012-10-10 12:47:51
100265,6,2010-09-02 00:29:45,2011-10-22 05:16:50
100698,11,2001-10-19 18:43:16,2013-06-29 15:46:27
100932,5,2000-10-01 21:52:00,2014-02-14 12:30:44
100059,3,2006-11-21 04:35:16,
100735,19,2000-12-09 15:30:36,
100356,5,2002-07-02 12:59:15,2019-08-23 20:05:27
100447,12,2010-02-14 23:55:15,
100110,19,2000-12-12 11:33:44,2011-11-14 04:04:42
100992,5,2008-03-13 11:59:07,
100988,20,2010-09-15 13:26:37,
100144,17,2006-07-02 08:48:56,2012-12-06 02:11:38
100571,18,2000-10-25 04:19:15,2023-09-01 10:52:35
100129,3,2009-05-04 17:07:20,
100574,18,2002-06-24 10:21:03,2012-12-10 21:16:02
100803,4,2001-11-28 12:14:21,2023-01-26 02:48:52
100706,5,2004-02-14 07:18:37,2018-06-20 01:06:20
100454,7,2001-11-29 18:34:24,2020-08-31 17:03:50
100738,10,2000-12-13 17:25:54,
100670,13,2002-05-25 08:03:27,2014-11-17 14:59:45
100052,6,2009-03-29 04:35:19,
100121,9,2005-11-12 11:37:29,2021-06-25 02:08:55
100039,1,2006-09-07 05:04:57,2015-05-01 11:00:54
100273,17,2008-12-21 20:08:44,2017-06-13 13:10:50
100424,14,2007-03-03 20:22:20,2022-12-24 00:15:34
100006,16,2006-02-04 18:39:36,2020-12-06 08:12:14
100468,12,2005-11-07 12:54:50,2020-02-27 02:46:48
100850,4,2004-04-13 15:04:59,2016-09-21 23:35:04
100710,10,2005-03-25 10:04:45,2014-01-19 10:32:27
100380,13,2008-07-13 02:12:56,2014-08-20 23:31:46
100988,5,2006-06-13 19:50:16,
100557,8,2009-06-08 13:03:27,2018-08-01 17:28:08
100143,11,2000-12-05 19:34:52,
100710,17,2010-09-04 17:33:58,2020-09-15 13:52:24
100272,1,2001-10-23 16:01:41,2014-09-26 02:14:28
100426,4,2003-12-18 12:36:37,2020-08-25 14:55:06
100674,11,2002-03-01 09:22:13,
100704,10,2001-09-01 08:49:43,2013-03-04 07:54:10
100323,16,2010-06-22 08:34:30,2015-01-20 07:17:01
100347,13,2010-08-30 21:03:49,2019-12-24 00:46:36
100888,7,2001-01-17 09:17:40,2012-08-29 02:48:03
100750,9,2002-05-07 22:02:24,2016-06-06 18:26:09
100021,2,2009-12-04 09:15:30,
100720,1,2002-01-22 20:02:24,2022-04-06 03:58:00
100040,7,2000-09-25 16:02:03,2017-05-04 22:35:25
100891,19,2003-09-29 13:41:18,2016-07-10 12:29:48
100090,5,2004-03-20 19:00:24,2011-12-06 01:46:23
100179,8,2008-07-23 14:39:04,2016-01-11 02:06:33
100429,8,2001-04-15 18:35:46,2020-03-25 20:42:54
100049,7,2009-09-29 14:21:52,
100884,18,2008-06-27 05:45:58,2012-07-27 23:54:48
100117,7,2003-10-21 15:36:58,2011-12-13 11:56:36
100769,14,2008-06-11 23:12:59,2017-08-21 23:21:55
100214,18,2004-02-23 23:37:46,
100979,1,2010-05-26 15:03:38,2017-04-05 10:40:44
100346,15,2001-02-16 01:00:44,
100651,14,2004-01-28 15:33:08,
100283,3,2003-07-30 02:35:24,2015-02-24 19:15:17
100847,15,2000-12-31 15:39:36,2015-03-04 12:40:25
100734,20,2008-06-23 07:53:39,
100228,13,2004-11-02 23:29:06,2016-04-23 21:04:04
100689,16,2005-02-02 02:08:57,
100418,8,2004-06-16 09:28:47,2011-12-03 11:20:35
100759,4,2005-11-11 18:20:25,2013-05-11 10:26:28
100248,4,2007-11-10 22:11:21,
100086,3,2005-12-18 16:37:39,
100051,4,2005-03-23 04:28:38,2020-11-04 23:57:24
100937,17,2004-02-04 05:49:48,2017-01-31 15:04:47
100225,1,2005-11-08 19:31:48,
100833,18,2005-12-21 03:15:43,2021-06-17 19:46:06
100383,20,2009-10-19 20:58:29,2013-10-26 13:00:09
100583,15,2008-07-10 23:09:15,2014-11-17 18:47:12
100662,15,2002-12-05 03:33:40,2022-12-18 13:12:37
100326,9,2001-09-14 01:53:04,2023-05-16 06:23:45
100006,4,2004-03-15 12:13:31,2021-02-14 23:35:14
100540,15,2003-06-02 04:26:54,2015-06-12 02:25:55
100773,1,2007-04-16 10:59:55,
100434,8,2009-06-19 13:58:15,2021-03-10 05:41:47
100475,19,2005-08-31 07:20:31,
100221,18,2003-02-25 22:10:37,
100273,15,2001-09-21 20:39:09,2018-01-08 19:13:48
100198,9,2001-06-18 12:20:31,
100158,15,2003-04-08 07:09:07,2013-09-22 20:20:25
100405,2,2005-12-21 13:06:49,2013-11-16 20:29:35
100623,14,2008-12-30 13:49:49,
100141,6,2005-12-29 11:32:51,
100157,12,2003-07-10 12:45:48,2019-04-23 05:49:35
100840,17,2001-08-15 08:28:10,2017-01-10 11:28:43
100656,16,2004-08-30 01:20:21,2021-03-01 19:35:01
100478,14,2007-03-23 12:07:24,
100638,15,2007-08-13 04:28:20,2017-06-27 22:00:21
100501,8,2000-10-04 05:59:04,2018-03-31 08:15:48
100152,15,2002-11-04 16:18:13,2016-06-05 19:23:58
100196,12,2003-10-10 17:13:59,
100163,19,2002-06-08 18:58:42,2014-11-14 18:20:16
100647,1,2007-04-07 09:40:34,
100302,20,2009-01-21 00:15:34,2022-08-12 08:15:47
100948,14,2009-07-01 15:46:54,2011-10-18 10:57:04
100470,10,2001-11-16 07:57:40,
100569,5,2008-06-22 22:57:29,2014-10-30 18:47:29
100448,7,2004-10-11 01:06:34,
100664,11,2005-11-23 11:38:14,2017-01-19 03:24:04
100462,14,2002-06-18 22:42:31,2015-04-12 05:03:32
100184,7,2001-06-17 13:23:34,2023-02-04 03:25:44
100915,15,2004-05-22 06:19:38,2013-09-29 04:31:16
100694,5,2001-08-24 09:40:30,2023-01-30 16:35:15
100774,5,2006-10-15 17:31:02,2017-10-22 15:31:50
100326,17,2008-11-11 12:34:12,2016-08-10 20:08:28
100560,20,2002-12-11 04:09:27,2023-03-30 11:51:25
100023,8,2004-06-20 19:43:50,2016-05-23 19:08:56
100286,16,2007-01-08 18:59:19,2012-03-06 04:15:43
100425,18,2002-02-10 02:34:55,
100619,14,2001-09-06 03:04:07,2019-02-07 10:55:13
100061,16,2002-06-01 02:41:58,
100530,8,2009-10-13 17:34:22,2013-09-20 01:51:13
100103,17,2001-02-28 23:10:06,2020-11-02 04:53:56
100911,8,2007-08-08 13:00:47,
100352,8,2005-04-22 01:31:04,
100181,10,2002-07-07 10:49:57,2012-10-19 18:05:44
100661,19,2009-09-21 14:19:17,2019-07-12 07:00:01
100710,20,2002-01-26 20:29:31,2016-02-03 13:56:26
100560,19,2001-10-29 05:46:40,2011-11-22 18:33:21
100664,13,2001-12-17 10:13:53,2023-07-23 16:32:09
100146,15,2009-09-14 07:20:41,
100530,8,2010-08-05 09:48:52,2012-05-11 05:24:59
100403,14,2002-03-31 00:27:24,2014-07-08 17:26:51
100198,8,2009-02-01 20:45:02,2016-03-08 13:57:33
100988,19,2002-08-18 12:51:17,
100056,8,2001-03-03 10:42:39,2019-02-23 03:37:07
100899,12,2009-08-01 00:45:02,2022-09-02 17:00:30
100572,18,2006-04-15 01:24:20,2022-01-04 19:03:50
100192,6,2001-09-26 03:30:09,2018-06-20 23:07:17
100156,16,2008-05-28 14:04:46,2013-07-23 05:45:07
100401,3,2005-08-16 23:09:25,
100744,17,2005-11-15 16:06:29,2020-06-11 13:38:44
100939,20,2009-03-24 12:04:43,
100195,16,2007-04-10 01:43:15,2022-07-29 00:12:06
100060,10,2003-10-13 08:43:51,2020-11-29 15:43:39
100039,15,2005-04-23 10:46:37,2015-10-05 21:23:02
100908,12,2000-10-04 12:00:28,2020-12-25 09:07:07
100503,4,2004-05-25 20:16:04,2021-01-19 03:21:01
100879,13,2002-12-14 02:12:07,
100340,1,2010-01-19 06:42:46,2012-07-10 04:25:01
100122,1,2001-01-22 01:25:17,2018-02-09 15:53:38
100292,2,2008-07-04 18:58:26,
100400,10,2002-06-15 14:21:23,2016-12-20 14:40:10
100155,20,2007-10-13 23:46:37,
100145,2,2006-06-28 14:48:53,2018-02-14 09:04:08
100828,12,2006-06-28 20:48:10,2015-03-29 22:59:29
100791,14,2010-03-01 11:12:16,2013-05-11 11:41:32
100170,10,2006-02-05 13:01:44,
100769,17,2002-09-03 08:44:37,
100327,5,2004-09-04 04:38:05,2023-01-18 09:15:27
100970,9,2006-08-12 14:04:49,2020-11-09 09:00:55
100326,9,2001-08-08 01:14:21,
100867,3,2004-10-13 15:42:50,2015-07-06 17:36:48
100032,15,2002-11-20 03:20:18,2021-03-28 16:40:57
100287,5,2002-07-02 13:41:52,2014-05-31 20:44:23
100430,5,2010-04-16 05:07:19,2023-02-16 23:12:42
100741,4,2003-04-03 12:57:18,
100539,18,2004-08-07 20:37:00,2017-10-13 01:09:08
100893,15,2003-06-26 21:12:09,2021-02-13 05:22:29
100009,14,2004-09-04 22:12:16,2013-02-27 20:11:39
100174,5,2003-11-24 06:29:28,2021-11-26 09:25:33
100223,10,2009-03-09 03:01:00,2017-04-15 07:15:44
100260,20,2009-01-03 13:42:36,2012-03-20 18:35:05
100976,18,2007-11-20 04:41:59,2020-02-04 12:27:15
100124,18,2005-10-29 08:04:25,2018-12-08 22:51:28
100768,17,2001-09-30 12:30:15,2012-04-12 21:35:27
100235,8,2010-03-31 20:19:08,
100158,20,2002-06-03 06:48:13,2018-04-24 13:07:04
100770,1,2001-01-02 13:33:33,
100283,12,2003-12-04 15:43:52,2017-06-17 08:22:30
100339,19,2009-05-16 05:28:06,2016-10-02 05:55:05
100776,17,2007-04-22 01:32:13,
100709,9,2002-07-17 18:11:36,
100312,4,2009-01-06 08:33:36,
100352,3,2008-09-20 08:48:42,2014-03-27 08:23:17
100852,18,2008-09-05 16:47:34,
100857,3,2008-06-04 14:26:52,
100277,12,2008-01-01 03:50:12,
100163,19,2004-07-27 16:16:23,2019-12-04 23:51:15
100472,14,2002-09-17 20:52:26,2016-03-14 20:54:40
100405,19,2001-01-25 19:36:44,2013-05-29 11:39:47
100300,14,2009-07-14 13:01:59,2021-10-07 19:01:04
100127,17,2008-01-22 20:41:19,
100874,18,2001-07-01 08:23:04,2018-07-17 10:45:41
100491,16,2007-01-07 06:14:30,
100652,6,2004-06-12 15:48:50,2021-04-14 16:32:41
100774,7,2009-10-18 14:57:44,2021-09-05 04:04:45
100856,7,2008-05-12 04:25:48,2017-06-13 02:04:05
100106,5,2006-10-06 23:14:07,
100105,9,2002-10-21 14:07:15,2018-11-27 16:28:57
100985,7,2002-06-17 19:44:43,
100220,13,2003-01-03 23:31:06,2016-12-24 14:46:08
100168,6,2005-01-10 15:03:18,
100915,10,2006-04-01 20:42:59,2013-10-11 19:58:29
100231,1,2010-07-03 16:19:12,2022-06-19 07:13:41
100047,17,2004-07-10 00:05:48,2022-09-30 21:53:21
100469,4,2010-03-31 02:45:10,2016-01-19 19:07:09
100152,5,2007-01-13 05:39:00,
100257,19,2009-06-01 03:54:51,2015-01-10 22:55:48
100775,10,2004-11-02 08:04:02,2012-01-16 13:41:04
