insert into user (user_id, nombre, apellido, nro_celular, email) values (1, 'Charlean', 'Ody', '2138514569', 'cody0@sun.com');
insert into user (user_id, nombre, apellido, nro_celular, email) values (2, 'Stacy', 'Beacham', '3227085853', 'sbeacham1@so-net.ne.jp');
insert into user (user_id, nombre, apellido, nro_celular, email) values (3, 'Joellyn', 'Beggs', '7413705985', 'jbeggs2@answers.com');
insert into user (user_id, nombre, apellido, nro_celular, email) values (4, 'Ninnette', 'Ciccottini', '2085266840', 'nciccottini3@mlb.com');
insert into user (user_id, nombre, apellido, nro_celular, email) values (5, 'Katlin', 'Moscon', '3059417096', 'kmoscon4@google.com.hk');
insert into user (user_id, nombre, apellido, nro_celular, email) values (6, 'Mikey', 'Nenci', '5578663628', 'mnenci5@examiner.com');
insert into user (user_id, nombre, apellido, nro_celular, email) values (7, 'Donny', 'Flint', '2568312391', 'dflint6@posterous.com');
insert into user (user_id, nombre, apellido, nro_celular, email) values (8, 'Aubry', 'Tonry', '6473576735', 'atonry7@google.com.au');
insert into user (user_id, nombre, apellido, nro_celular, email) values (9, 'Doyle', 'Sheivels', '4518613955', 'dsheivels8@is.gd');
insert into user (user_id, nombre, apellido, nro_celular, email) values (10, 'Tadd', 'Boman', '6108289360', 'tboman9@slideshare.net');
insert into user (user_id, nombre, apellido, nro_celular, email) values (11, 'Daniel', 'Commins', '4783562403', 'dcomminsa@wordpress.org');
insert into user (user_id, nombre, apellido, nro_celular, email) values (12, 'Omero', 'Rapier', '4905012369', 'orapierb@bizjournals.com');
insert into user (user_id, nombre, apellido, nro_celular, email) values (13, 'Aldon', 'Ormerod', '1545525908', 'aormerodc@amazon.co.jp');
insert into user (user_id, nombre, apellido, nro_celular, email) values (14, 'Willa', 'Barritt', '9937151845', 'wbarrittd@walmart.com');
insert into user (user_id, nombre, apellido, nro_celular, email) values (15, 'Rog', 'Gerrey', '3803919492', 'rgerreye@deviantart.com');
insert into user (user_id, nombre, apellido, nro_celular, email) values (16, 'Cale', 'Goodwin', '2509629446', 'cgoodwinf@ihg.com');
insert into user (user_id, nombre, apellido, nro_celular, email) values (17, 'Philippe', 'Dorwood', '6325814418', 'pdorwoodg@last.fm');
insert into user (user_id, nombre, apellido, nro_celular, email) values (18, 'Erminie', 'Shufflebotham', '9193377251', 'eshufflebothamh@nature.com');
insert into user (user_id, nombre, apellido, nro_celular, email) values (19, 'Thomas', 'Rockell', '5545928583', 'trockelli@elegantthemes.com');
insert into user (user_id, nombre, apellido, nro_celular, email) values (20, 'Drucill', 'Rubin', '6749085970', 'drubinj@blogger.com');
insert into user (user_id, nombre, apellido, nro_celular, email) values (21, 'Blancha', 'Blizard', '8145020416', 'bblizardk@fc2.com');
insert into user (user_id, nombre, apellido, nro_celular, email) values (22, 'Martynne', 'Ilson', '6999674938', 'milsonl@shareasale.com');
insert into user (user_id, nombre, apellido, nro_celular, email) values (23, 'Douglass', 'Summerley', '1331008267', 'dsummerleym@hostgator.com');
insert into user (user_id, nombre, apellido, nro_celular, email) values (24, 'Kaitlynn', 'Oseland', '8886850021', 'koselandn@youtube.com');
insert into user (user_id, nombre, apellido, nro_celular, email) values (25, 'Kerwinn', 'Padden', '6534097727', 'kpaddeno@hao123.com');
insert into user (user_id, nombre, apellido, nro_celular, email) values (26, 'Bat', 'Kuhndel', '1494053987', 'bkuhndelp@jalbum.net');
insert into user (user_id, nombre, apellido, nro_celular, email) values (27, 'Charmine', 'Attryde', '7707292187', 'cattrydeq@earthlink.net');
insert into user (user_id, nombre, apellido, nro_celular, email) values (28, 'Lilias', 'Cuolahan', '2802581315', 'lcuolahanr@ucsd.edu');
insert into user (user_id, nombre, apellido, nro_celular, email) values (29, 'Billy', 'Elion', '6918679034', 'belions@arizona.edu');
insert into user (user_id, nombre, apellido, nro_celular, email) values (30, 'Fabien', 'McMichell', '4537492233', 'fmcmichellt@domainmarket.com');
insert into user (user_id, nombre, apellido, nro_celular, email) values (31, 'Lilian', 'Tripean', '6852370787', 'ltripeanu@booking.com');
insert into user (user_id, nombre, apellido, nro_celular, email) values (32, 'Deb', 'Muris', '4098154885', 'dmurisv@arstechnica.com');
insert into user (user_id, nombre, apellido, nro_celular, email) values (33, 'Carissa', 'Sisselot', '7484817428', 'csisselotw@trellian.com');
insert into user (user_id, nombre, apellido, nro_celular, email) values (34, 'Stafani', 'Jubert', '8255286477', 'sjubertx@phoca.cz');
insert into user (user_id, nombre, apellido, nro_celular, email) values (35, 'Gwenora', 'Ganter', '2725958147', 'ggantery@tuttocitta.it');
insert into user (user_id, nombre, apellido, nro_celular, email) values (36, 'Lucian', 'Keems', '9468385686', 'lkeemsz@msn.com');
insert into user (user_id, nombre, apellido, nro_celular, email) values (37, 'Gun', 'Loreit', '2552021883', 'gloreit10@fotki.com');
insert into user (user_id, nombre, apellido, nro_celular, email) values (38, 'Sol', 'Fantin', '9967100506', 'sfantin11@ucoz.ru');
insert into user (user_id, nombre, apellido, nro_celular, email) values (39, 'Liam', 'Moller', '3476945509', 'lmoller12@xing.com');
insert into user (user_id, nombre, apellido, nro_celular, email) values (40, 'Lucho', 'Budgett', '1921837602', 'lbudgett13@edublogs.org');
insert into user (user_id, nombre, apellido, nro_celular, email) values (41, 'Liva', 'Scryne', '7857627266', 'lscryne14@networkadvertising.org');
insert into user (user_id, nombre, apellido, nro_celular, email) values (42, 'Bernardo', 'Sorey', '7747935281', 'bsorey15@ebay.co.uk');
insert into user (user_id, nombre, apellido, nro_celular, email) values (43, 'Kathleen', 'Barnshaw', '4888286754', 'kbarnshaw16@apache.org');
insert into user (user_id, nombre, apellido, nro_celular, email) values (44, 'Andree', 'Lauga', '8349248013', 'alauga17@reference.com');
insert into user (user_id, nombre, apellido, nro_celular, email) values (45, 'Ellie', 'Kippie', '2468910533', 'ekippie18@washingtonpost.com');
insert into user (user_id, nombre, apellido, nro_celular, email) values (46, 'Dosi', 'Maymond', '6496285054', 'dmaymond19@unicef.org');
insert into user (user_id, nombre, apellido, nro_celular, email) values (47, 'Caesar', 'Gregoretti', '9546683867', 'cgregoretti1a@theglobeandmail.com');
insert into user (user_id, nombre, apellido, nro_celular, email) values (48, 'Christiane', 'Cron', '9158026113', 'ccron1b@bandcamp.com');
insert into user (user_id, nombre, apellido, nro_celular, email) values (49, 'Christy', 'Early', '4509674461', 'cearly1c@spiegel.de');
insert into user (user_id, nombre, apellido, nro_celular, email) values (50, 'Ilse', 'Tommen', '1835755027', 'itommen1d@indiatimes.com');
insert into account (account_id, habilitada, fecha_alta, id_mpago) values (1, true, '2023-02-20 02:55:58', '$2a$04$wlMR.vFBfZa5In9lmw.Fl.dMaeCQrs31tZy9w31k9pARYWDoJvPXK');
insert into account (account_id, habilitada, fecha_alta, id_mpago) values (2, false, '2023-08-13 09:27:15', '$2a$04$OxbrCPayC9QAJ8UrfUD.k.v9d4kA8GHjES3V4CAB8NXIEmtqW/lwi');
insert into account (account_id, habilitada, fecha_alta, id_mpago) values (3, false, '2023-08-01 05:16:59', '$2a$04$4zD5qpXXnLraN6V/7Q61OOaRAer5.y6QXzSv/PWgF7Sh9LZJGQo8S');
insert into account (account_id, habilitada, fecha_alta, id_mpago) values (4, false, '2022-11-02 22:31:50', '$2a$04$GqMiEW43Zglmw.mbeOira.n4BE/p7uJkOi9LwRxLyjXfWEmLq6OvG');
insert into account (account_id, habilitada, fecha_alta, id_mpago) values (5, false, '2023-07-17 20:52:01', '$2a$04$dXaOW4yJ58QtUXJ7IXv5COlGpYeK3zXcAxbuGhr3PWjoDbOLsCwRO');
insert into account (account_id, habilitada, fecha_alta, id_mpago) values (6, false, '2023-05-24 14:53:01', '$2a$04$IBs6UHA7HhIXf7F62cyrf.I92AeL7B1GX3rmF4FEuMzgpUcBKRBWe');
insert into account (account_id, habilitada, fecha_alta, id_mpago) values (7, true, '2023-07-13 19:01:12', '$2a$04$C6Dt3Io3gjJa8fscOrzq9eeKZcKzor8735vZmIn2FDIdCgyVY3x7W');
insert into account (account_id, habilitada, fecha_alta, id_mpago) values (8, true, '2023-01-26 08:04:56', '$2a$04$wO51Dcc4Qp2mB1HfI0RcmOWW7oIZH/h6u4CzUf2pUn7KH.w0e8eg6');
insert into account (account_id, habilitada, fecha_alta, id_mpago) values (9, false, '2023-06-19 06:01:06', '$2a$04$C6msRXXIkltiGD2f2z4ubeuBOh/R0HOjCxcPHHik057SEIh6LGsB.');
insert into account (account_id, habilitada, fecha_alta, id_mpago) values (10, true, '2023-01-04 23:00:54', '$2a$04$8RdSJIZbIrYXRtaqeBiVWeAkTJYLLnafTx/68MnaNburuOVZfLjHu');
insert into account (account_id, habilitada, fecha_alta, id_mpago) values (11, false, '2023-05-01 08:09:15', '$2a$04$LjGfLHOb1fAzSQ3AlvugWutkEOs.1Ua3vSy1Iho0bIbL7Qzf/VIFC');
insert into account (account_id, habilitada, fecha_alta, id_mpago) values (12, true, '2023-04-07 14:11:50', '$2a$04$gmW/c/mH7nC7iNQfMiI.deMZK7iid/CB1i0YGjQ.DjKV0FAwLIClu');
insert into account (account_id, habilitada, fecha_alta, id_mpago) values (13, true, '2023-10-02 21:50:38', '$2a$04$v9U53KKznSZB4G2H2HQ0muRdUFhwuDzp4gZHUFd7QM1tGzco4j0zO');
insert into account (account_id, habilitada, fecha_alta, id_mpago) values (14, true, '2023-01-04 12:31:01', '$2a$04$ICwRgJDR7ci25JWBVNmJ6eGgqO/BPIzIab/FB70wRO4Z2NuZyZstW');
insert into account (account_id, habilitada, fecha_alta, id_mpago) values (15, true, '2023-08-27 23:30:56', '$2a$04$MFaUT.1lIoXew8C0M3aPu.R.duxkgcd.jWmN1aDcnzUjw68d10qB2');
insert into account (account_id, habilitada, fecha_alta, id_mpago) values (16, false, '2022-10-21 04:43:30', '$2a$04$3vowIqGc4ebvLIETWPGtOuMM8q1K9i5VlMY3D1csQ1xeUp2UgH9Z6');
insert into account (account_id, habilitada, fecha_alta, id_mpago) values (17, false, '2023-05-06 19:54:58', '$2a$04$kSzIJKC6x11rl8cMi4JtW.2M79abnlTMfd5yKbEKUWwYHogve.LNS');
insert into account (account_id, habilitada, fecha_alta, id_mpago) values (18, true, '2023-03-07 15:12:12', '$2a$04$g7QYm9B4/ckqMKgp9ezkOORW6kaJAS8grQpDpkmDrVBU7bGMfpG0q');
insert into account (account_id, habilitada, fecha_alta, id_mpago) values (19, true, '2023-01-09 18:05:18', '$2a$04$ywbWMgui3EqKXiooM2cJx.3q5Yo17hmpn4eeHWzHH8yvzIF0XzDZe');
insert into account (account_id, habilitada, fecha_alta, id_mpago) values (20, true, '2023-06-22 22:23:35', '$2a$04$YFqrbvxAtfdIor9r7o7Ek.vhz4oBMlUsluhIFmKeAd3m01ej4jA1y');
insert into account (account_id, habilitada, fecha_alta, id_mpago) values (21, true, '2023-04-10 04:44:27', '$2a$04$DY2DYyaMx8fZ1GXvbu2iSu0JanU3dJGOUjQbly4KwJBX4bpQx9vzW');
insert into account (account_id, habilitada, fecha_alta, id_mpago) values (22, false, '2022-11-21 09:58:47', '$2a$04$v0Jdd/FsCjgmF5ClfZeuYeAsIa3x/67X.VDgKsScA1fOJA36K4R9S');
insert into account (account_id, habilitada, fecha_alta, id_mpago) values (23, false, '2023-07-16 21:44:57', '$2a$04$781XkZVgH7HObbx/Z8XCxOr0SM6ywON8oTfl.pa2C32Y6myr1PCqC');
insert into account (account_id, habilitada, fecha_alta, id_mpago) values (24, false, '2023-04-24 12:21:11', '$2a$04$Vqsd5tgQfq1jlrOGTt/9FeJFnImwPEYu5FLQOKTCcGfkBfyPBh8V.');
insert into account (account_id, habilitada, fecha_alta, id_mpago) values (25, false, '2023-07-14 21:23:18', '$2a$04$cyDI13EPNcWFB24S.smcuO2NNnUDKHGTCOao8iX0leDNRNQ/wx/Ra');
insert into account (account_id, habilitada, fecha_alta, id_mpago) values (26, false, '2022-10-29 14:49:15', '$2a$04$ah/jeuUyMppE7cHCu5zBBOUBCcKdb7Kf/mR39M5kSNiR3HiiHr8T.');
insert into account (account_id, habilitada, fecha_alta, id_mpago) values (27, false, '2022-12-05 17:14:51', '$2a$04$DRiK2vhIplc5uXOSQVGPQusj7t0LC4M5dyUP.GqnGxV/JkHn/3rHy');
insert into account (account_id, habilitada, fecha_alta, id_mpago) values (28, true, '2023-10-07 12:07:57', '$2a$04$Du2LxfW0LbR6lGona59WUOPiSHEU1n8xbQBCmxLdc9P00MhIZ0Dr6');
insert into account (account_id, habilitada, fecha_alta, id_mpago) values (29, false, '2023-03-18 23:18:35', '$2a$04$PBq/pz0g6iypRU7wEIZAauLUJBorrXGXX8uSEki86eWoyjTvzncAy');
insert into account (account_id, habilitada, fecha_alta, id_mpago) values (30, false, '2023-05-29 13:45:58', '$2a$04$ZAN0R6B1Y3dL4Y3IWLKw0uRjhymqYiGbHvsUdlO7OE1GjGmANarma');
insert into user_account (user_id, account_id, saldo) values (15, 12, 80.55);
insert into user_account (user_id, account_id, saldo) values (46, 23, 260.49);
insert into user_account (user_id, account_id, saldo) values (33, 18, 162.31);
insert into user_account (user_id, account_id, saldo) values (11, 5, 607.81);
insert into user_account (user_id, account_id, saldo) values (41, 22, 444.52);
insert into user_account (user_id, account_id, saldo) values (19, 26, 59.21);
insert into user_account (user_id, account_id, saldo) values (30, 4, 378.36);
insert into user_account (user_id, account_id, saldo) values (33, 9, 632.49);
insert into user_account (user_id, account_id, saldo) values (24, 27, 491.09);
insert into user_account (user_id, account_id, saldo) values (48, 1, 274.43);
insert into user_account (user_id, account_id, saldo) values (14, 2, 194.70);
insert into user_account (user_id, account_id, saldo) values (25, 4, 345.71);
insert into user_account (user_id, account_id, saldo) values (26, 21, 662.44);
insert into user_account (user_id, account_id, saldo) values (31, 15, 143.29);
insert into user_account (user_id, account_id, saldo) values (11, 4, 472.22);
insert into user_account (user_id, account_id, saldo) values (37, 15, 757.28);
insert into user_account (user_id, account_id, saldo) values (46, 5, 58.04);
insert into user_account (user_id, account_id, saldo) values (37, 18, 982.62);
insert into user_account (user_id, account_id, saldo) values (23, 24, 290.45);
insert into user_account (user_id, account_id, saldo) values (10, 18, 426.41);
insert into user_account (user_id, account_id, saldo) values (40, 2, 99.24);
insert into user_account (user_id, account_id, saldo) values (25, 25, 980.12);
insert into user_account (user_id, account_id, saldo) values (30, 20, 680.32);
insert into user_account (user_id, account_id, saldo) values (22, 19, 209.11);
insert into user_account (user_id, account_id, saldo) values (39, 13, 422.15);
insert into user_account (user_id, account_id, saldo) values (13, 25, 239.16);
insert into user_account (user_id, account_id, saldo) values (24, 20, 533.35);
insert into user_account (user_id, account_id, saldo) values (16, 29, 173.99);
insert into user_account (user_id, account_id, saldo) values (29, 10, 800.87);
insert into user_account (user_id, account_id, saldo) values (24, 11, 897.18);
insert into user_account (user_id, account_id, saldo) values (44, 24, 405.91);
insert into user_account (user_id, account_id, saldo) values (32, 29, 134.93);
insert into user_account (user_id, account_id, saldo) values (40, 19, 280.95);
insert into user_account (user_id, account_id, saldo) values (13, 9, 249.77);
insert into user_account (user_id, account_id, saldo) values (26, 11, 231.56);
insert into user_account (user_id, account_id, saldo) values (8, 30, 90.56);
insert into user_account (user_id, account_id, saldo) values (1, 12, 367.23);
insert into user_account (user_id, account_id, saldo) values (7, 23, 353.98);
insert into user_account (user_id, account_id, saldo) values (10, 30, 621.96);
insert into user_account (user_id, account_id, saldo) values (46, 28, 442.33);
insert into user_account (user_id, account_id, saldo) values (19, 27, 672.07);
insert into user_account (user_id, account_id, saldo) values (36, 28, 144.25);
insert into user_account (user_id, account_id, saldo) values (1, 3, 150.15);
insert into user_account (user_id, account_id, saldo) values (22, 15, 891.22);
insert into user_account (user_id, account_id, saldo) values (23, 10, 512.29);
insert into user_account (user_id, account_id, saldo) values (2, 27, 1.61);
insert into user_account (user_id, account_id, saldo) values (2, 15, 674.10);
insert into user_account (user_id, account_id, saldo) values (2, 5, 510.97);
insert into user_account (user_id, account_id, saldo) values (41, 5, 830.41);
insert into user_account (user_id, account_id, saldo) values (40, 3, 859.58);