insert into user (user_id, nombre, apellido, nro_celular, email) values (1, 'Charlean', 'Ody', '2138514569', 'cody0@sun.com');
insert into user (user_id, nombre, apellido, nro_celular, email) values (2, 'Stacy', 'Beacham', '3227085853', 'sbeacham1@so-net.ne.jp');
insert into user (user_id, nombre, apellido, nro_celular, email) values (3, 'Joellyn', 'Beggs', '7413705985', 'jbeggs2@answers.com');
insert into user (user_id, nombre, apellido, nro_celular, email) values (4, 'Ninnette', 'Ciccottini', '2085266840', 'nciccottini3@mlb.com');
insert into user (user_id, nombre, apellido, nro_celular, email) values (5, 'Katlin', 'Moscon', '3059417096', 'kmoscon4@google.com.hk');
insert into user (user_id, nombre, apellido, nro_celular, email) values (6, 'Mikey', 'Nenci', '5578663628', 'mnenci5@examiner.com');
insert into user (user_id, nombre, apellido, nro_celular, email) values (7, 'Donny', 'Flint', '2568312391', 'dflint6@posterous.com');
insert into user (user_id, nombre, apellido, nro_celular, email) values (8, 'Aubry', 'Tonry', '6473576735', 'atonry7@google.com.au');
insert into user (user_id, nombre, apellido, nro_celular, email) values (9, 'Doyle', 'Sheivels', '4518613955', 'dsheivels8@is.gd');
insert into user (user_id, nombre, apellido, nro_celular, email) values (10, 'Tadd', 'Boman', '6108289360', 'tboman9@slideshare.net');
insert into user (user_id, nombre, apellido, nro_celular, email) values (11, 'Daniel', 'Commins', '4783562403', 'dcomminsa@wordpress.org');
insert into user (user_id, nombre, apellido, nro_celular, email) values (12, 'Omero', 'Rapier', '4905012369', 'orapierb@bizjournals.com');
insert into user (user_id, nombre, apellido, nro_celular, email) values (13, 'Aldon', 'Ormerod', '1545525908', 'aormerodc@amazon.co.jp');
insert into user (user_id, nombre, apellido, nro_celular, email) values (14, 'Willa', 'Barritt', '9937151845', 'wbarrittd@walmart.com');
insert into user (user_id, nombre, apellido, nro_celular, email) values (15, 'Rog', 'Gerrey', '3803919492', 'rgerreye@deviantart.com');
insert into user (user_id, nombre, apellido, nro_celular, email) values (16, 'Cale', 'Goodwin', '2509629446', 'cgoodwinf@ihg.com');
insert into user (user_id, nombre, apellido, nro_celular, email) values (17, 'Philippe', 'Dorwood', '6325814418', 'pdorwoodg@last.fm');
insert into user (user_id, nombre, apellido, nro_celular, email) values (18, 'Erminie', 'Shufflebotham', '9193377251', 'eshufflebothamh@nature.com');
insert into user (user_id, nombre, apellido, nro_celular, email) values (19, 'Thomas', 'Rockell', '5545928583', 'trockelli@elegantthemes.com');
insert into user (user_id, nombre, apellido, nro_celular, email) values (20, 'Drucill', 'Rubin', '6749085970', 'drubinj@blogger.com');
insert into user (user_id, nombre, apellido, nro_celular, email) values (21, 'Blancha', 'Blizard', '8145020416', 'bblizardk@fc2.com');
insert into user (user_id, nombre, apellido, nro_celular, email) values (22, 'Martynne', 'Ilson', '6999674938', 'milsonl@shareasale.com');
insert into user (user_id, nombre, apellido, nro_celular, email) values (23, 'Douglass', 'Summerley', '1331008267', 'dsummerleym@hostgator.com');
insert into user (user_id, nombre, apellido, nro_celular, email) values (24, 'Kaitlynn', 'Oseland', '8886850021', 'koselandn@youtube.com');
insert into user (user_id, nombre, apellido, nro_celular, email) values (25, 'Kerwinn', 'Padden', '6534097727', 'kpaddeno@hao123.com');
insert into user (user_id, nombre, apellido, nro_celular, email) values (26, 'Bat', 'Kuhndel', '1494053987', 'bkuhndelp@jalbum.net');
insert into user (user_id, nombre, apellido, nro_celular, email) values (27, 'Charmine', 'Attryde', '7707292187', 'cattrydeq@earthlink.net');
insert into user (user_id, nombre, apellido, nro_celular, email) values (28, 'Lilias', 'Cuolahan', '2802581315', 'lcuolahanr@ucsd.edu');
insert into user (user_id, nombre, apellido, nro_celular, email) values (29, 'Billy', 'Elion', '6918679034', 'belions@arizona.edu');
insert into user (user_id, nombre, apellido, nro_celular, email) values (30, 'Fabien', 'McMichell', '4537492233', 'fmcmichellt@domainmarket.com');
insert into user (user_id, nombre, apellido, nro_celular, email) values (31, 'Lilian', 'Tripean', '6852370787', 'ltripeanu@booking.com');
insert into user (user_id, nombre, apellido, nro_celular, email) values (32, 'Deb', 'Muris', '4098154885', 'dmurisv@arstechnica.com');
insert into user (user_id, nombre, apellido, nro_celular, email) values (33, 'Carissa', 'Sisselot', '7484817428', 'csisselotw@trellian.com');
insert into user (user_id, nombre, apellido, nro_celular, email) values (34, 'Stafani', 'Jubert', '8255286477', 'sjubertx@phoca.cz');
insert into user (user_id, nombre, apellido, nro_celular, email) values (35, 'Gwenora', 'Ganter', '2725958147', 'ggantery@tuttocitta.it');
insert into user (user_id, nombre, apellido, nro_celular, email) values (36, 'Lucian', 'Keems', '9468385686', 'lkeemsz@msn.com');
insert into user (user_id, nombre, apellido, nro_celular, email) values (37, 'Gun', 'Loreit', '2552021883', 'gloreit10@fotki.com');
insert into user (user_id, nombre, apellido, nro_celular, email) values (38, 'Sol', 'Fantin', '9967100506', 'sfantin11@ucoz.ru');
insert into user (user_id, nombre, apellido, nro_celular, email) values (39, 'Liam', 'Moller', '3476945509', 'lmoller12@xing.com');
insert into user (user_id, nombre, apellido, nro_celular, email) values (40, 'Lucho', 'Budgett', '1921837602', 'lbudgett13@edublogs.org');
insert into user (user_id, nombre, apellido, nro_celular, email) values (41, 'Liva', 'Scryne', '7857627266', 'lscryne14@networkadvertising.org');
insert into user (user_id, nombre, apellido, nro_celular, email) values (42, 'Bernardo', 'Sorey', '7747935281', 'bsorey15@ebay.co.uk');
insert into user (user_id, nombre, apellido, nro_celular, email) values (43, 'Kathleen', 'Barnshaw', '4888286754', 'kbarnshaw16@apache.org');
insert into user (user_id, nombre, apellido, nro_celular, email) values (44, 'Andree', 'Lauga', '8349248013', 'alauga17@reference.com');
insert into user (user_id, nombre, apellido, nro_celular, email) values (45, 'Ellie', 'Kippie', '2468910533', 'ekippie18@washingtonpost.com');
insert into user (user_id, nombre, apellido, nro_celular, email) values (46, 'Dosi', 'Maymond', '6496285054', 'dmaymond19@unicef.org');
insert into user (user_id, nombre, apellido, nro_celular, email) values (47, 'Caesar', 'Gregoretti', '9546683867', 'cgregoretti1a@theglobeandmail.com');
insert into user (user_id, nombre, apellido, nro_celular, email) values (48, 'Christiane', 'Cron', '9158026113', 'ccron1b@bandcamp.com');
insert into user (user_id, nombre, apellido, nro_celular, email) values (49, 'Christy', 'Early', '4509674461', 'cearly1c@spiegel.de');
insert into user (user_id, nombre, apellido, nro_celular, email) values (50, 'Ilse', 'Tommen', '1835755027', 'itommen1d@indiatimes.com');
insert into account (account_id, fecha_alta) values (1, '2023-01-15');
insert into account (account_id, fecha_alta) values (2, '2022-12-03');
insert into account (account_id, fecha_alta) values (3, '2023-02-17');
insert into account (account_id, fecha_alta) values (4, '2023-08-03');
insert into account (account_id, fecha_alta) values (5, '2022-12-17');
insert into account (account_id, fecha_alta) values (6, '2023-08-23');
insert into account (account_id, fecha_alta) values (7, '2023-07-29');
insert into account (account_id, fecha_alta) values (8, '2023-08-07');
insert into account (account_id, fecha_alta) values (9, '2023-08-18');
insert into account (account_id, fecha_alta) values (10, '2023-06-17');
insert into account (account_id, fecha_alta) values (11, '2023-02-07');
insert into account (account_id, fecha_alta) values (12, '2023-02-09');
insert into account (account_id, fecha_alta) values (13, '2023-07-31');
insert into account (account_id, fecha_alta) values (14, '2023-06-15');
insert into account (account_id, fecha_alta) values (15, '2023-01-31');
insert into account (account_id, fecha_alta) values (16, '2022-12-06');
insert into account (account_id, fecha_alta) values (17, '2023-04-10');
insert into account (account_id, fecha_alta) values (18, '2023-07-03');
insert into account (account_id, fecha_alta) values (19, '2022-10-21');
insert into account (account_id, fecha_alta) values (20, '2023-05-25');
insert into account (account_id, fecha_alta) values (21, '2023-03-11');
insert into account (account_id, fecha_alta) values (22, '2023-09-25');
insert into account (account_id, fecha_alta) values (23, '2022-12-24');
insert into account (account_id, fecha_alta) values (24, '2023-04-17');
insert into account (account_id, fecha_alta) values (25, '2023-05-21');
insert into account (account_id, fecha_alta) values (26, '2023-03-19');
insert into account (account_id, fecha_alta) values (27, '2023-10-08');
insert into account (account_id, fecha_alta) values (28, '2023-04-23');
insert into account (account_id, fecha_alta) values (29, '2023-08-13');
insert into account (account_id, fecha_alta) values (30, '2022-11-10');
insert into user_account (user_id_user_id, account_id_account_id, saldo) values (15, 12, '80.55');
insert into user_account (user_id_user_id, account_id_account_id, saldo) values (46, 23, '260.49');
insert into user_account (user_id_user_id, account_id_account_id, saldo) values (33, 18, '162.31');
insert into user_account (user_id_user_id, account_id_account_id, saldo) values (11, 5, '607.81');
insert into user_account (user_id_user_id, account_id_account_id, saldo) values (41, 22, '444.52');
insert into user_account (user_id_user_id, account_id_account_id, saldo) values (19, 26, '59.21');
insert into user_account (user_id_user_id, account_id_account_id, saldo) values (30, 4, '378.36');
insert into user_account (user_id_user_id, account_id_account_id, saldo) values (33, 9, '632.49');
insert into user_account (user_id_user_id, account_id_account_id, saldo) values (24, 27, '491.09');
insert into user_account (user_id_user_id, account_id_account_id, saldo) values (48, 1, '274.43');
insert into user_account (user_id_user_id, account_id_account_id, saldo) values (14, 2, '194.70');
insert into user_account (user_id_user_id, account_id_account_id, saldo) values (25, 4, '345.71');
insert into user_account (user_id_user_id, account_id_account_id, saldo) values (26, 21, '662.44');
insert into user_account (user_id_user_id, account_id_account_id, saldo) values (31, 15, '143.29');
insert into user_account (user_id_user_id, account_id_account_id, saldo) values (11, 4, '472.22');
insert into user_account (user_id_user_id, account_id_account_id, saldo) values (37, 15, '757.28');
insert into user_account (user_id_user_id, account_id_account_id, saldo) values (46, 5, '58.04');
insert into user_account (user_id_user_id, account_id_account_id, saldo) values (37, 18, '982.62');
insert into user_account (user_id_user_id, account_id_account_id, saldo) values (23, 24, '290.45');
insert into user_account (user_id_user_id, account_id_account_id, saldo) values (10, 18, '426.41');
insert into user_account (user_id_user_id, account_id_account_id, saldo) values (40, 2, '99.24');
insert into user_account (user_id_user_id, account_id_account_id, saldo) values (25, 25, '980.12');
insert into user_account (user_id_user_id, account_id_account_id, saldo) values (30, 20, '680.32');
insert into user_account (user_id_user_id, account_id_account_id, saldo) values (22, 19, '209.11');
insert into user_account (user_id_user_id, account_id_account_id, saldo) values (39, 13, '422.15');
insert into user_account (user_id_user_id, account_id_account_id, saldo) values (13, 25, '239.16');
insert into user_account (user_id_user_id, account_id_account_id, saldo) values (24, 20, '533.35');
insert into user_account (user_id_user_id, account_id_account_id, saldo) values (16, 29, '173.99');
insert into user_account (user_id_user_id, account_id_account_id, saldo) values (29, 10, '800.87');
insert into user_account (user_id_user_id, account_id_account_id, saldo) values (24, 11, '897.18');
insert into user_account (user_id_user_id, account_id_account_id, saldo) values (44, 24, '405.91');
insert into user_account (user_id_user_id, account_id_account_id, saldo) values (32, 29, '134.93');
insert into user_account (user_id_user_id, account_id_account_id, saldo) values (40, 19, '280.95');
insert into user_account (user_id_user_id, account_id_account_id, saldo) values (13, 9, '249.77');
insert into user_account (user_id_user_id, account_id_account_id, saldo) values (21, 21, '231.56');
insert into user_account (user_id_user_id, account_id_account_id, saldo) values (8, 30, '90.56');
insert into user_account (user_id_user_id, account_id_account_id, saldo) values (15, 20, '367.23');
insert into user_account (user_id_user_id, account_id_account_id, saldo) values (7, 23, '353.98');
insert into user_account (user_id_user_id, account_id_account_id, saldo) values (10, 30, '621.96');
insert into user_account (user_id_user_id, account_id_account_id, saldo) values (46, 28, '442.33');
insert into user_account (user_id_user_id, account_id_account_id, saldo) values (19, 27, '672.07');
insert into user_account (user_id_user_id, account_id_account_id, saldo) values (36, 28, '144.25');
insert into user_account (user_id_user_id, account_id_account_id, saldo) values (1, 3, '150.15');
insert into user_account (user_id_user_id, account_id_account_id, saldo) values (22, 15, '891.22');
insert into user_account (user_id_user_id, account_id_account_id, saldo) values (23, 10, '512.29');
insert into user_account (user_id_user_id, account_id_account_id, saldo) values (2, 27, '1.61');
insert into user_account (user_id_user_id, account_id_account_id, saldo) values (2, 15, '674.10');
insert into user_account (user_id_user_id, account_id_account_id, saldo) values (2, 5, '510.97');
insert into user_account (user_id_user_id, account_id_account_id, saldo) values (41, 5, '830.41');
insert into user_account (user_id_user_id, account_id_account_id, saldo) values (40, 3, '859.58');