insert into user (user_id, nombre, apellido, nro_celular, email) values (1, 'Charlean', 'Ody', '2138514569', 'cody0@sun.com');
insert into user (user_id, nombre, apellido, nro_celular, email) values (2, 'Stacy', 'Beacham', '3227085853', 'sbeacham1@so-net.ne.jp');
insert into user (user_id, nombre, apellido, nro_celular, email) values (3, 'Joellyn', 'Beggs', '7413705985', 'jbeggs2@answers.com');
insert into user (user_id, nombre, apellido, nro_celular, email) values (4, 'Ninnette', 'Ciccottini', '2085266840', 'nciccottini3@mlb.com');
insert into user (user_id, nombre, apellido, nro_celular, email) values (5, 'Katlin', 'Moscon', '3059417096', 'kmoscon4@google.com.hk');
insert into user (user_id, nombre, apellido, nro_celular, email) values (6, 'Mikey', 'Nenci', '5578663628', 'mnenci5@examiner.com');
insert into user (user_id, nombre, apellido, nro_celular, email) values (7, 'Donny', 'Flint', '2568312391', 'dflint6@posterous.com');
insert into user (user_id, nombre, apellido, nro_celular, email) values (8, 'Aubry', 'Tonry', '6473576735', 'atonry7@google.com.au');
insert into user (user_id, nombre, apellido, nro_celular, email) values (9, 'Doyle', 'Sheivels', '4518613955', 'dsheivels8@is.gd');
insert into user (user_id, nombre, apellido, nro_celular, email) values (10, 'Tadd', 'Boman', '6108289360', 'tboman9@slideshare.net');
insert into user (user_id, nombre, apellido, nro_celular, email) values (11, 'Daniel', 'Commins', '4783562403', 'dcomminsa@wordpress.org');
insert into user (user_id, nombre, apellido, nro_celular, email) values (12, 'Omero', 'Rapier', '4905012369', 'orapierb@bizjournals.com');
insert into user (user_id, nombre, apellido, nro_celular, email) values (13, 'Aldon', 'Ormerod', '1545525908', 'aormerodc@amazon.co.jp');
insert into user (user_id, nombre, apellido, nro_celular, email) values (14, 'Willa', 'Barritt', '9937151845', 'wbarrittd@walmart.com');
insert into user (user_id, nombre, apellido, nro_celular, email) values (15, 'Rog', 'Gerrey', '3803919492', 'rgerreye@deviantart.com');
insert into user (user_id, nombre, apellido, nro_celular, email) values (16, 'Cale', 'Goodwin', '2509629446', 'cgoodwinf@ihg.com');
insert into user (user_id, nombre, apellido, nro_celular, email) values (17, 'Philippe', 'Dorwood', '6325814418', 'pdorwoodg@last.fm');
insert into user (user_id, nombre, apellido, nro_celular, email) values (18, 'Erminie', 'Shufflebotham', '9193377251', 'eshufflebothamh@nature.com');
insert into user (user_id, nombre, apellido, nro_celular, email) values (19, 'Thomas', 'Rockell', '5545928583', 'trockelli@elegantthemes.com');
insert into user (user_id, nombre, apellido, nro_celular, email) values (20, 'Drucill', 'Rubin', '6749085970', 'drubinj@blogger.com');
insert into user (user_id, nombre, apellido, nro_celular, email) values (21, 'Blancha', 'Blizard', '8145020416', 'bblizardk@fc2.com');
insert into user (user_id, nombre, apellido, nro_celular, email) values (22, 'Martynne', 'Ilson', '6999674938', 'milsonl@shareasale.com');
insert into user (user_id, nombre, apellido, nro_celular, email) values (23, 'Douglass', 'Summerley', '1331008267', 'dsummerleym@hostgator.com');
insert into user (user_id, nombre, apellido, nro_celular, email) values (24, 'Kaitlynn', 'Oseland', '8886850021', 'koselandn@youtube.com');
insert into user (user_id, nombre, apellido, nro_celular, email) values (25, 'Kerwinn', 'Padden', '6534097727', 'kpaddeno@hao123.com');
insert into user (user_id, nombre, apellido, nro_celular, email) values (26, 'Bat', 'Kuhndel', '1494053987', 'bkuhndelp@jalbum.net');
insert into user (user_id, nombre, apellido, nro_celular, email) values (27, 'Charmine', 'Attryde', '7707292187', 'cattrydeq@earthlink.net');
insert into user (user_id, nombre, apellido, nro_celular, email) values (28, 'Lilias', 'Cuolahan', '2802581315', 'lcuolahanr@ucsd.edu');
insert into user (user_id, nombre, apellido, nro_celular, email) values (29, 'Billy', 'Elion', '6918679034', 'belions@arizona.edu');
insert into user (user_id, nombre, apellido, nro_celular, email) values (30, 'Fabien', 'McMichell', '4537492233', 'fmcmichellt@domainmarket.com');
insert into user (user_id, nombre, apellido, nro_celular, email) values (31, 'Lilian', 'Tripean', '6852370787', 'ltripeanu@booking.com');
insert into user (user_id, nombre, apellido, nro_celular, email) values (32, 'Deb', 'Muris', '4098154885', 'dmurisv@arstechnica.com');
insert into user (user_id, nombre, apellido, nro_celular, email) values (33, 'Carissa', 'Sisselot', '7484817428', 'csisselotw@trellian.com');
insert into user (user_id, nombre, apellido, nro_celular, email) values (34, 'Stafani', 'Jubert', '8255286477', 'sjubertx@phoca.cz');
insert into user (user_id, nombre, apellido, nro_celular, email) values (35, 'Gwenora', 'Ganter', '2725958147', 'ggantery@tuttocitta.it');
insert into user (user_id, nombre, apellido, nro_celular, email) values (36, 'Lucian', 'Keems', '9468385686', 'lkeemsz@msn.com');
insert into user (user_id, nombre, apellido, nro_celular, email) values (37, 'Gun', 'Loreit', '2552021883', 'gloreit10@fotki.com');
insert into user (user_id, nombre, apellido, nro_celular, email) values (38, 'Sol', 'Fantin', '9967100506', 'sfantin11@ucoz.ru');
insert into user (user_id, nombre, apellido, nro_celular, email) values (39, 'Liam', 'Moller', '3476945509', 'lmoller12@xing.com');
insert into user (user_id, nombre, apellido, nro_celular, email) values (40, 'Lucho', 'Budgett', '1921837602', 'lbudgett13@edublogs.org');
insert into user (user_id, nombre, apellido, nro_celular, email) values (41, 'Liva', 'Scryne', '7857627266', 'lscryne14@networkadvertising.org');
insert into user (user_id, nombre, apellido, nro_celular, email) values (42, 'Bernardo', 'Sorey', '7747935281', 'bsorey15@ebay.co.uk');
insert into user (user_id, nombre, apellido, nro_celular, email) values (43, 'Kathleen', 'Barnshaw', '4888286754', 'kbarnshaw16@apache.org');
insert into user (user_id, nombre, apellido, nro_celular, email) values (44, 'Andree', 'Lauga', '8349248013', 'alauga17@reference.com');
insert into user (user_id, nombre, apellido, nro_celular, email) values (45, 'Ellie', 'Kippie', '2468910533', 'ekippie18@washingtonpost.com');
insert into user (user_id, nombre, apellido, nro_celular, email) values (46, 'Dosi', 'Maymond', '6496285054', 'dmaymond19@unicef.org');
insert into user (user_id, nombre, apellido, nro_celular, email) values (47, 'Caesar', 'Gregoretti', '9546683867', 'cgregoretti1a@theglobeandmail.com');
insert into user (user_id, nombre, apellido, nro_celular, email) values (48, 'Christiane', 'Cron', '9158026113', 'ccron1b@bandcamp.com');
insert into user (user_id, nombre, apellido, nro_celular, email) values (49, 'Christy', 'Early', '4509674461', 'cearly1c@spiegel.de');
insert into user (user_id, nombre, apellido, nro_celular, email) values (50, 'Ilse', 'Tommen', '1835755027', 'itommen1d@indiatimes.com');
insert into account (account_id, habilitada, fecha_alta, id_mpago, saldo) values (1, false, '2023-04-08 17:14:33', '$2a$04$Z/g4wktiyF9c1XFVFq/8Bu.6ymKPdqqOvqXlGekHmmK.8SYfECEOS', 3904.14);
insert into account (account_id, habilitada, fecha_alta, id_mpago, saldo) values (2, false, '2023-03-01 02:22:42', '$2a$04$zxWTCwWp5g2b7RtYKQepsO7Qh2bLZK.duEoIzPVKx9AIodO9.LMCG', 3089.01);
insert into account (account_id, habilitada, fecha_alta, id_mpago, saldo) values (3, true, '2023-05-26 07:20:25', '$2a$04$bZErC7RuRtaF1VFTMAKNQeX.10IGQPSTwGF1H1KLKMbVa4MD4oySG', 4165.96);
insert into account (account_id, habilitada, fecha_alta, id_mpago, saldo) values (4, true, '2023-01-23 12:21:46', '$2a$04$6Cwe2sxxL/8uPMwa0U1oEea6mVOcl0CZXkhlfldqS4WEwUjoRDX06', 3896.59);
insert into account (account_id, habilitada, fecha_alta, id_mpago, saldo) values (5, true, '2023-05-17 18:48:23', '$2a$04$y0TPEHvFW/yPTCuaQii1auyBdFVwZM6bBVCGIWkuNLkGE5oxv7juS', 1618.52);
insert into account (account_id, habilitada, fecha_alta, id_mpago, saldo) values (6, true, '2022-11-25 21:52:45', '$2a$04$Kkb2a60IZnVkn1Qcl7Iel.o8oVAp6Hrx/yXOs00H.Em1ZcK7cAWJS', 984.61);
insert into account (account_id, habilitada, fecha_alta, id_mpago, saldo) values (7, false, '2022-12-03 09:27:28', '$2a$04$7rHu7NlYCwq7qzj6.9Wb5uh4s5m3MgY5wTMGL1BOUxH1LW8/xn5RK', 922.28);
insert into account (account_id, habilitada, fecha_alta, id_mpago, saldo) values (8, true, '2023-09-17 09:27:36', '$2a$04$L1CY8POIFlz/vk8jDk09aOvD.mI536I8Rd4VxTDn7yR/gSPVhpGvS', 897.28);
insert into account (account_id, habilitada, fecha_alta, id_mpago, saldo) values (9, true, '2023-05-22 15:17:31', '$2a$04$fjT1kVlfFjtNZQCMQ6MbluJdK1jA.LIlT8SGwIG2hLumZ4FKdSgq.', 587.79);
insert into account (account_id, habilitada, fecha_alta, id_mpago, saldo) values (10, true, '2023-09-06 17:06:02', '$2a$04$IbvJeQUXVBHrNure.J4UoeoXV0wQjdruRA0WxzOVQ5i1SxPmcSx3m', 1844.32);
insert into account (account_id, habilitada, fecha_alta, id_mpago, saldo) values (11, false, '2023-05-09 22:15:56', '$2a$04$HzgZslYoj7GV1V2lu5fs0O/AyZw2xOaWEQaV.ALUTYtLw95UZxLR.', 404.43);
insert into account (account_id, habilitada, fecha_alta, id_mpago, saldo) values (12, true, '2022-11-09 16:17:14', '$2a$04$8HoEOW4mjjp6nLmDjxpJnOEZ1Ix3kTWmQYZrELGCAFSJiXI4gHTUK', 468.67);
insert into account (account_id, habilitada, fecha_alta, id_mpago, saldo) values (13, true, '2023-07-24 18:04:59', '$2a$04$QvLa.Yfbc92AYvtA7LUGtuRx8iGUyntCd8i.FFQpWDMpZp0h/zJJa', 4369.77);
insert into account (account_id, habilitada, fecha_alta, id_mpago, saldo) values (14, true, '2022-11-26 02:02:21', '$2a$04$qIcW./WNqbanYK3aSSls8.ivuOTrNIM1bATXXi90qVN9E4uQV5JrK', 3401.6);
insert into account (account_id, habilitada, fecha_alta, id_mpago, saldo) values (15, false, '2023-06-26 05:10:39', '$2a$04$0eVKXoS2oX9rWks0NQSDD.7tGvvx1kD87HuvZye2BiROA.9Sz/lJe', 4786.24);
insert into account (account_id, habilitada, fecha_alta, id_mpago, saldo) values (16, true, '2022-10-24 14:31:51', '$2a$04$Kivf7VTHrKkDd/gXVtAbl.NZMgU0SMdx7LAiuHDp3spmDl3YT5zqG', 3269.7);
insert into account (account_id, habilitada, fecha_alta, id_mpago, saldo) values (17, true, '2023-02-08 14:46:49', '$2a$04$IV3CqQIrRv8D9LvfB/YzGuhsoZ6rg5zPii3jx6Yfw4WE3LX.U.aAq', 3357.45);
insert into account (account_id, habilitada, fecha_alta, id_mpago, saldo) values (18, true, '2023-10-04 19:08:10', '$2a$04$D1zqwm2F2YkLClsTU94Jd.KZndlws./ioQUsVR75sqsGp.Vx5nBGe', 4456.88);
insert into account (account_id, habilitada, fecha_alta, id_mpago, saldo) values (19, true, '2022-11-18 15:37:59', '$2a$04$ou5zFgB41swFDvGN9V5k6.EPlegueVfKt7qYu13HDPYjRlFiUvXkm', 1828.49);
insert into account (account_id, habilitada, fecha_alta, id_mpago, saldo) values (20, true, '2023-05-28 10:31:26', '$2a$04$sfaDSJkLYCfsjD/NM3X.buLIEYIeuEKLvaTBxU0kgK8/xgF2AbVJK', 4282.41);
insert into account (account_id, habilitada, fecha_alta, id_mpago, saldo) values (21, true, '2023-08-22 06:23:22', '$2a$04$jPAjLg./aSpYR/nm4YGFGediZXwp5q5KWG3CafjKWEYk46hVRXlZ2', 2734.41);
insert into account (account_id, habilitada, fecha_alta, id_mpago, saldo) values (22, true, '2023-01-16 20:31:20', '$2a$04$ermCL2fiyHF1O1LLJ9Mks.dPnGUM2AAGh9I1yPidMuJLqdzMa.nge', 1795.86);
insert into account (account_id, habilitada, fecha_alta, id_mpago, saldo) values (23, true, '2023-08-02 18:46:31', '$2a$04$wuIIs5dvikqmaHHOjosJou9KYQR4f9sfV3ISreY0jrDZ1EMmn8mH.', 1140.1);
insert into account (account_id, habilitada, fecha_alta, id_mpago, saldo) values (24, true, '2023-03-08 05:28:22', '$2a$04$WDk0fDtxtenc9Du6ncDlIugTf3d9bmc12LUiW7R8JcyhGS7aPbWeK', 841.84);
insert into account (account_id, habilitada, fecha_alta, id_mpago, saldo) values (25, false, '2023-03-18 00:08:57', '$2a$04$yet6jG.4d9WZr5WYRi0dYOvHwWHnhZ49weEa9GZFEwJtSjfl11VKi', 3530.33);
insert into account (account_id, habilitada, fecha_alta, id_mpago, saldo) values (26, true, '2022-12-06 02:14:46', '$2a$04$QnW3mX1trapRjqRs1hPgTeVgD5Jf4yRv1b2UWqAgaF66qDSCAdyc.', 1808.62);
insert into account (account_id, habilitada, fecha_alta, id_mpago, saldo) values (27, false, '2023-05-12 21:49:09', '$2a$04$O.O2w0KrWvRt90vKGYcWXOPPZMFq4TEY75Clqq7GkiZmdG8OFsTPS', 1869.95);
insert into account (account_id, habilitada, fecha_alta, id_mpago, saldo) values (28, false, '2023-01-26 00:31:25', '$2a$04$0LDwNJ4h/SaGTrztyAaIK.dCe0q/uL9pGuWFdaOTROA0yTq4AWt8G', 4207.16);
insert into account (account_id, habilitada, fecha_alta, id_mpago, saldo) values (29, true, '2022-12-29 23:45:48', '$2a$04$a71wku4jSx1uRSHjTqYO4egVLFH4wSirAnPePZj4y/D0DtETAI8ny', 3649.51);
insert into account (account_id, habilitada, fecha_alta, id_mpago, saldo) values (30, false, '2023-02-26 20:27:15', '$2a$04$yGRZwPNK9RgGP.94xlzPje3dTaO8Rsn4CBS0rjI0n/6ZyuEJgwNum', 2870.07);
insert into user_account (user_id, account_id) values (8, 6);
insert into user_account (user_id, account_id) values (37, 10);
insert into user_account (user_id, account_id) values (5, 12);
insert into user_account (user_id, account_id) values (20, 15);
insert into user_account (user_id, account_id) values (2, 13);
insert into user_account (user_id, account_id) values (24, 23);
insert into user_account (user_id, account_id) values (50, 18);
insert into user_account (user_id, account_id) values (23, 30);
insert into user_account (user_id, account_id) values (25, 8);
insert into user_account (user_id, account_id) values (46, 2);
insert into user_account (user_id, account_id) values (7, 2);
insert into user_account (user_id, account_id) values (43, 21);
insert into user_account (user_id, account_id) values (30, 23);
insert into user_account (user_id, account_id) values (17, 25);
insert into user_account (user_id, account_id) values (41, 16);
insert into user_account (user_id, account_id) values (20, 11);
insert into user_account (user_id, account_id) values (22, 9);
insert into user_account (user_id, account_id) values (48, 28);
insert into user_account (user_id, account_id) values (49, 9);
insert into user_account (user_id, account_id) values (37, 3);
insert into user_account (user_id, account_id) values (3, 20);
insert into user_account (user_id, account_id) values (19, 26);
insert into user_account (user_id, account_id) values (31, 26);
insert into user_account (user_id, account_id) values (17, 16);
insert into user_account (user_id, account_id) values (30, 14);
insert into user_account (user_id, account_id) values (28, 8);
insert into user_account (user_id, account_id) values (4, 3);
insert into user_account (user_id, account_id) values (1, 8);
insert into user_account (user_id, account_id) values (43, 3);
insert into user_account (user_id, account_id) values (36, 7);
insert into user_account (user_id, account_id) values (46, 22);
insert into user_account (user_id, account_id) values (1, 19);
insert into user_account (user_id, account_id) values (32, 5);
insert into user_account (user_id, account_id) values (38, 5);
insert into user_account (user_id, account_id) values (15, 14);
insert into user_account (user_id, account_id) values (5, 5);
insert into user_account (user_id, account_id) values (27, 26);
insert into user_account (user_id, account_id) values (37, 9);
insert into user_account (user_id, account_id) values (35, 28);
insert into user_account (user_id, account_id) values (28, 15);
insert into user_account (user_id, account_id) values (2, 19);
insert into user_account (user_id, account_id) values (49, 25);
insert into user_account (user_id, account_id) values (22, 6);
insert into user_account (user_id, account_id) values (47, 12);
insert into user_account (user_id, account_id) values (49, 6);
insert into user_account (user_id, account_id) values (40, 21);
insert into user_account (user_id, account_id) values (34, 1);
insert into user_account (user_id, account_id) values (50, 24);
insert into user_account (user_id, account_id) values (38, 7);
insert into user_account (user_id, account_id) values (3, 4);
insert into user_account (user_id, account_id) values (19, 27);
insert into user_account (user_id, account_id) values (30, 21);
insert into user_account (user_id, account_id) values (13, 12);
insert into user_account (user_id, account_id) values (17, 30);
insert into user_account (user_id, account_id) values (47, 30);
insert into user_account (user_id, account_id) values (26, 25);
insert into user_account (user_id, account_id) values (10, 20);
insert into user_account (user_id, account_id) values (44, 15);
insert into user_account (user_id, account_id) values (27, 15);
insert into user_account (user_id, account_id) values (45, 27);
insert into user_account (user_id, account_id) values (38, 18);
insert into user_account (user_id, account_id) values (45, 24);
insert into user_account (user_id, account_id) values (5, 17);
insert into user_account (user_id, account_id) values (24, 16);
insert into user_account (user_id, account_id) values (32, 30);
insert into user_account (user_id, account_id) values (20, 26);
insert into user_account (user_id, account_id) values (16, 24);
insert into user_account (user_id, account_id) values (42, 29);
insert into user_account (user_id, account_id) values (32, 14);
insert into user_account (user_id, account_id) values (4, 23);
insert into user_account (user_id, account_id) values (45, 2);
insert into user_account (user_id, account_id) values (43, 28);
insert into user_account (user_id, account_id) values (18, 28);
insert into user_account (user_id, account_id) values (36, 3);
insert into user_account (user_id, account_id) values (21, 13);
insert into user_account (user_id, account_id) values (21, 20);
insert into user_account (user_id, account_id) values (10, 15);
insert into user_account (user_id, account_id) values (23, 18);
insert into user_account (user_id, account_id) values (15, 4);
insert into user_account (user_id, account_id) values (41, 22);
insert into user_account (user_id, account_id) values (28, 7);
insert into user_account (user_id, account_id) values (23, 12);
insert into user_account (user_id, account_id) values (10, 11);
insert into user_account (user_id, account_id) values (19, 1);
insert into user_account (user_id, account_id) values (29, 9);
insert into user_account (user_id, account_id) values (31, 1);
insert into user_account (user_id, account_id) values (49, 3);
insert into user_account (user_id, account_id) values (33, 15);
insert into user_account (user_id, account_id) values (4, 29);
insert into user_account (user_id, account_id) values (31, 3);
insert into user_account (user_id, account_id) values (4, 20);
insert into user_account (user_id, account_id) values (49, 13);
insert into user_account (user_id, account_id) values (9, 20);
insert into user_account (user_id, account_id) values (12, 4);
insert into user_account (user_id, account_id) values (10, 7);
insert into user_account (user_id, account_id) values (36, 4);
insert into user_account (user_id, account_id) values (14, 10);
insert into user_account (user_id, account_id) values (26, 23);
insert into user_account (user_id, account_id) values (8, 11);
insert into user_account (user_id, account_id) values (34, 20);
